hanja,h,k
家,宀,집 면
家,豕,돼지 시
歌,欠,하품 흠
歌,哥,노래 가
價,亻,사람인변 인
價,賈,값 가
加,力,힘 력(역)
加,口,입 구
可,𠮛,뜻 지
可,亅,갈고리 궐
假,亻,사람인변 인
假,叚,빌릴 가
街,行,다닐 행
街,圭,서옥 규
暇,日,날 일
暇,叚,빌릴 가
佳,亻,사람인변 인
佳,圭,서옥 규
架,木,나무 목
架,加,더할 가
各,口,입 구
各,夂,뒤쳐져 올 치
角,⺈,칼도 도
角,用,쓸 용
刻,刂,선칼도방 도
刻,亥,돼지 해
覺,見,볼 견
覺,𦥯,배울 학
脚,⺼,육달월 월
脚,却,물리칠 각
閣,門,문 문
閣,各,각각 각
却,卩,병부 절
却,去,갈 거
間,門,문 문
間,日,날 일
簡,𥫗,대죽 죽
簡,間,사이 간
看,手,손 수
看,目,눈 목
干,干,방패 간
刊,刂,선칼도방 도
刊,干,방패 간
幹,干,방패 간
幹,倝,햇빛 빛나는 모양 간
懇,心,마음 심
懇,貇,간절할 간
肝,⺼,육달월 월
肝,干,방패 간
姦,女,여자 녀(여)
姦,奻,송사할 난
渴,氵,삼수변 수
渴,曷,어찌 갈
感,心,마음 심
感,咸,다 함
減,氵,삼수변 수
減,咸,다 함
監,皿,그릇 명
監,臣,신하 신
監,𠂉,-
監,一,한 일
甘,廿,스물 입
甘,一,한 일
敢,丅,아래 하
敢,耳,귀 이
敢,攵,칠 복
鑑,金,쇠 금
鑑,監,볼 감
甲,日,날 일
甲,丨,뚫을 곤
江,氵,삼수변 수
江,工,장인 공
強,弓,활 궁
強,𧈧,비록 수
講,言,말씀 언
講,冓,짤 구
康,广,집 엄
康,隶,미칠 이
降,阝,좌부변 부
降,夅,항복할 항
剛,刂,선칼도방 도
剛,岡,산등성이 강
綱,糹,가는 실 멱
綱,岡,산등성이 강
鋼,金,쇠 금
鋼,岡,산등성이 강
開,門,문 문
開,开,열 개
改,攵,칠 복
改,己,몸 기
個,亻,사람인변 인
個,固,굳을 고
槪,木,나무 목
槪,既,이미 기
介,𠆢,사람 인
介,八,여덟 팔
蓋,艹,초두머리 초
蓋,盍,덮을 합
皆,白,흰 백
皆,比,견줄 비
慨,忄,심방변 심
慨,旣,이미 기
客,宀,집 면
客,各,각각 각
車,申,거듭 신
車,二,두 이
擧,手,손 수
擧,與,더불 여
去,厶,사사 사
去,土,흙 토
拒,扌,재방변 수
拒,巨,클 거
居,尸,주검 시
居,古,옛 고
據,扌,재방변 수
據,豦,큰 돼지 거
巨,巨,클 거
距,𧾷,발족 족
距,巨,클 거
件,亻,사람인변 인
件,牛,소 우
建,廴,길게 걸을 인
建,聿,붓 율
健,亻,사람인변 인
健,建,세울 건
乾,龺,-
乾,乞,빌 걸
傑,亻,사람인변 인
傑,桀,홰 걸
乞,𠂉,-
乞,乙,새 을
檢,木,나무 목
檢,僉,다 첨
儉,亻,사람인변 인
儉,僉,다 첨
劍,刂,선칼도방 도
劍,僉,다 첨
格,木,나무 목
格,各,각각 각
擊,手,손 수
擊,𣪠,부딪칠 격
激,氵,삼수변 수
激,敫,노래할 교
隔,阝,좌부변 부
隔,鬲,막을 격
見,目,눈 목
見,儿,어진 사람 인
堅,土,흙 토
堅,臤,어질 현
犬,大,클 대
犬,丶,점 주
遣,辶,쉬엄쉬엄 갈 착
遣,𠳋,흙덩이 견
肩,戶,집 호
肩,⺼,육달월 월
絹,糹,가는 실 멱
絹,肙,장구벌레 연
牽,牛,소 우
牽,玄,검을 현
牽,冖,덮을 멱
結,糹,가는 실 멱
結,吉,길할 길
決,氵,삼수변 수
決,夬,터놓을 쾌
潔,氵,삼수변 수
潔,絜,헤아릴 혈
缺,缶,장군 부
缺,夬,터놓을 쾌
訣,言,말씀 언
訣,夬,터놓을 쾌
兼,八,여덟 팔
兼,一,한 일
兼,肀,붓 사
兼,丨,뚫을 곤
兼,八,여덟 팔
謙,言,말씀 언
謙,兼,겸할 겸
京,亠,돼지해머리 두
京,口,입 구
京,小,작을 소
敬,攵,칠 복
敬,苟,진실로 구
輕,車,수레 차
輕,巠,물줄기 경
競,竞,다툴 경
競,竞,다툴 경
景,日,날 일
景,京,서울 경
境,土,흙 토
境,竟,마침내 경
經,糹,가는 실 멱
經,巠,물줄기 경
警,言,말씀 언
警,敬,공경 경
慶,广,집 엄
慶,𢖻,사랑 애
驚,馬,말 마
驚,敬,공경 경
更,𣄼,어두울 혼
更,㐅,다섯 오
傾,亻,사람인변 인
傾,頃,이랑 경
鏡,金,쇠 금
鏡,竟,마침내 경
頃,頁,머리 혈
頃,匕,비수 비
徑,彳,조금 걸을 척
徑,巠,물줄기 경
硬,石,돌 석
硬,更,고칠 경
耕,耒,가래 뢰(뇌)
耕,井,우물 정
卿,𠂎,-
卿,丶,점 주
卿,即,곧 즉
庚,广,집 엄
庚,尹,성씨 윤
庚,乀,파임 불
竟,音,소리 음
竟,儿,어진 사람 인
界,田,밭 전
界,介,낄 개
計,言,말씀 언
計,十,열 십
係,亻,사람인변 인
係,系,맬 계
階,阝,좌부변 부
階,皆,다 개
鷄,鳥,새 조
鷄,奚,어찌 해
季,子,아들 자
季,禾,벼 화
系,糸,가는 실 멱
系,丿,삐침 별
繼,糹,가는 실 멱
繼,㡭,이을 계
戒,戈,창 과
戒,廾,받들 공
契,大,클 대
契,㓞,교묘히 새길 갈
桂,木,나무 목
桂,圭,서옥 규
啓,𢼄,열 계
啓,口,입 구
溪,氵,삼수변 수
溪,奚,어찌 해
械,木,나무 목
械,戒,경계할 계
繫,𣪠,부딪칠 격
繫,糸,가는 실 멱
癸,癶,등질 발
癸,天,하늘 천
高,亠,돼지해머리 두
高,口,입 구
高,冋,들 경
古,口,입 구
古,十,열 십
苦,艹,초두머리 초
苦,古,옛 고
告,口,입 구
告,牛,소 우
考,耂,늙을로엄 로(노)
考,丂,공교할 교
固,囗,나라 국
固,古,옛 고
故,攵,칠 복
故,古,옛 고
孤,子,아들 자
孤,瓜,오이 과
庫,广,집 엄
庫,車,수레 차
姑,女,여자 녀(여)
姑,古,옛 고
稿,禾,벼 화
稿,高,높을 고
鼓,壴,악기 이름 주
鼓,支,지탱할 지
顧,頁,머리 혈
顧,雇,품 팔 고
枯,木,나무 목
枯,古,옛 고
曲,由,말미암을 유
曲,丨,뚫을 곤
穀,𥞤,곡식 곡
穀,殳,몽둥이 수
哭,犬,개 견
哭,吅,부르짖을 훤
谷,𠔁,나눌 별
谷,口,입 구
困,囗,나라 국
困,木,나무 목
坤,土,흙 토
坤,申,거듭 신
骨,冂,멀 경
骨,一,한 일
骨,丨,뚫을 곤
骨,肎,뼈 사이의 살 긍
工,工,장인 공
空,穴,구멍 혈
空,工,장인 공
公,八,여덟 팔
公,厶,사사 사
共,龷,-
共,八,여덟 팔
功,力,힘 력(역)
功,工,장인 공
孔,子,아들 자
孔,乚,숨을 은
攻,攵,칠 복
攻,工,장인 공
貢,貝,조개 패
貢,工,장인 공
供,亻,사람인변 인
供,共,한가지 공
恐,巩,굳을 공
恐,心,마음 심
恭,㣺,마음 심
恭,共,한가지 공
果,木,나무 목
果,日,날 일
科,禾,벼 화
科,斗,말 두
課,言,말씀 언
課,果,실과 과
過,辶,쉬엄쉬엄 갈 착
過,咼,입 비뚤어질 괘
誇,言,말씀 언
誇,夸,자랑할 과
寡,宀,집 면
寡,丆,구결자 면
寡,且,또 차
寡,分,나눌 분
郭,享,누릴 향
郭,⻏,우부방 읍
觀,見,볼 견
觀,雚,황새 관
關,門,문 문
關,𢇇,실 꿸 관
官,宀,집 면
官,㠯,써 이
管,𥫗,대죽 죽
管,官,벼슬 관
寬,宀,집 면
寬,萈,뿔이 가는 산양 환
貫,毋,말 무
貫,貝,조개 패
館,飠,밥식 식
館,官,벼슬 관
慣,忄,심방변 심
慣,貫,꿸 관
冠,冖,덮을 멱
冠,㝴,둥글게 깎을 완
光,⺌,작을 소
光,兀,우뚝할 올
廣,广,집 엄
廣,黃,누를 황
鑛,金,쇠 금
鑛,廣,넓을 광
狂,犭,개사슴록변 견
狂,王,임금 왕
掛,扌,재방변 수
掛,卦,점괘 괘
壞,土,흙 토
壞,褱,품을 회
怪,忄,심방변 심
怪,圣,힘쓸 골
塊,土,흙 토
塊,鬼,귀신 귀
愧,忄,심방변 심
愧,鬼,귀신 귀
校,木,나무 목
校,交,사귈 교
敎,𡥉,교도할 교
敎,攵,칠 복
交,亠,돼지해머리 두
交,父,아버지 부
橋,木,나무 목
橋,喬,높을 교
巧,工,장인 공
巧,丂,공교할 교
較,車,수레 차
較,交,사귈 교
郊,交,사귈 교
郊,⻏,우부방 읍
矯,矢,화살 시
矯,喬,높을 교
九,九,아홉 구
口,口,입 구
球,王,임금 왕
球,求,구할 구
區,匚,상자 방
區,品,물건 품
具,八,여덟 팔
具,目,눈 목
具,一,한 일
舊,臼,절구 구
舊,萑,풀 많을 추
救,攵,칠 복
救,求,구할 구
求,氺,물 수
求,一,한 일
求,丶,점 주
句,口,입 구
句,勹,쌀 포
究,穴,구멍 혈
究,九,아홉 구
構,木,나무 목
構,冓,짤 구
久,久,오랠 구
拘,扌,재방변 수
拘,句,글귀 구
丘,一,한 일
丘,斤,근 근
俱,亻,사람인변 인
俱,具,갖출 구
龜,龜,땅 이름 구
驅,馬,말 마
驅,區,구분할 구
苟,艹,초두머리 초
苟,句,글귀 구
懼,忄,심방변 심
懼,瞿,놀랄 구
狗,犭,개사슴록변 견
狗,句,글귀 구
國,囗,나라 국
國,或,혹 혹
局,𡰪,볼기 독
局,𠃌,-
菊,艹,초두머리 초
菊,匊,움킬 국
軍,車,수레 차
軍,冖,덮을 멱
郡,君,임금 군
郡,⻏,우부방 읍
君,口,입 구
君,尹,성씨 윤
群,羊,양 양
群,君,임금 군
屈,尸,주검 시
屈,出,날 출
宮,宀,집 면
宮,呂,성씨 려(여)
窮,穴,구멍 혈
窮,躬,몸 궁
弓,弓,활 궁
權,木,나무 목
權,雚,황새 관
券,龹,밥 뭉칠 권
券,刀,칼 도
勸,力,힘 력(역)
勸,雚,황새 관
卷,㔾,병부 절
卷,龹,밥 뭉칠 권
拳,手,손 수
拳,龹,밥 뭉칠 권
厥,厂,기슭 엄
厥,欮,상기 궐
軌,車,수레 차
軌,九,아홉 구
貴,𠀐,-
貴,貝,조개 패
歸,止,그칠 지
歸,𠂤,쌓을 퇴
歸,帚,비 추
鬼,甶,귀신 머리 불
鬼,儿,어진 사람 인
鬼,厶,사사 사
規,見,볼 견
規,夫,지아비 부
糾,糹,가는 실 멱
糾,丩,얽힐 구
叫,口,입 구
叫,丩,얽힐 구
均,土,흙 토
均,匀,고를 균
菌,艹,초두머리 초
菌,囷,곳집 균
極,木,나무 목
極,亟,빠를 극
劇,刂,선칼도방 도
劇,豦,큰 돼지 거
克,儿,어진 사람 인
克,古,옛 고
根,木,나무 목
根,艮,괘 이름 간
近,辶,쉬엄쉬엄 갈 착
近,斤,근 근
勤,力,힘 력(역)
勤,堇,진흙 근
筋,𥫗,대죽 죽
筋,肋,갈빗대 륵(늑)
僅,亻,사람인변 인
僅,堇,진흙 근
謹,言,말씀 언
謹,堇,진흙 근
斤,𠂋,-
斤,丨,뚫을 곤
金,𠆢,사람 인
金,王,임금 왕
金,八,여덟 팔
今,亽,구결자 라(나)
今,𠃍,-
禁,示,보일 시
禁,林,수풀 림(임)
禽,𠆢,사람 인
禽,离,떠날 리(이)
錦,金,쇠 금
錦,帛,비단 백
琴,玨,쌍옥 각
琴,今,이제 금
急,心,마음 심
急,刍,꼴 추
級,糹,가는 실 멱
級,及,미칠 급
給,糹,가는 실 멱
給,合,합할 합
及,丿,삐침 별
及,乛,구결자 야
及,又,또 우
肯,⺼,육달월 월
肯,止,그칠 지
氣,气,기운 기
氣,米,쌀 미
記,言,말씀 언
記,己,몸 기
旗,方,모 방
旗,𠂉,-
旗,其,그 기
基,土,흙 토
基,其,그 기
己,己,몸 기
汽,氵,삼수변 수
汽,气,기운 기
期,月,달 월
期,其,그 기
技,扌,재방변 수
技,支,지탱할 지
器,㗊,뭇입 즙
器,犬,개 견
起,走,달릴 주
起,己,몸 기
機,木,나무 목
機,幾,몇 기
寄,宀,집 면
寄,奇,기특할 기
奇,大,클 대
奇,可,옳을 가
紀,糹,가는 실 멱
紀,己,몸 기
騎,馬,말 마
騎,奇,기특할 기
祈,礻,보일시변 시
祈,斤,근 근
畿,田,밭 전
畿,𢆶,작을 유
畿,戈,창 과
其,共,한가지 공
其,二,두 이
企,𠆢,사람 인
企,止,그칠 지
旣,旡,목멜 기
旣,皀,향기로울 급
忌,心,마음 심
忌,己,몸 기
棄,亠,돼지해머리 두
棄,厶,사사 사
棄,𣏼,삽 화
欺,欠,하품 흠
欺,其,그 기
飢,𩙿,밥식 식
飢,几,안석 궤
豈,豆,콩 두
豈,山,메 산
幾,𢆶,작을 유
幾,戍,수자리 수
緊,糸,가는 실 멱
緊,臤,어질 현
吉,口,입 구
吉,士,선비 사
那,刀,칼 도
那,二,두 이
那,⻏,우부방 읍
諾,言,말씀 언
諾,若,같을 약
暖,日,날 일
暖,爰,이에 원
難,隹,새 추
難,廿,스물 입
難,口,입 구
難,夫,지아비 부
南,十,열 십
南,冂,멀 경
南,𢆉,찌를 임
男,田,밭 전
男,力,힘 력(역)
納,糹,가는 실 멱
納,內,안 내
娘,女,여자 녀(여)
娘,良,어질 량(양)
內,入,들 입
內,冂,멀 경
耐,而,말 이을 이
耐,寸,마디 촌
奈,大,클 대
奈,示,보일 시
乃,乃,이에 내
女,女,여자 녀(여)
年,𠂉,-
年,干,방패 간
年,丨,뚫을 곤
念,心,마음 심
念,今,이제 금
寧,寍,편안할 녕(영)
寧,丁,고무래 정
怒,心,마음 심
怒,奴,종 노
努,力,힘 력(역)
努,奴,종 노
奴,女,여자 녀(여)
奴,又,또 우
農,辰,별 진
農,曲,굽을 곡
腦,⺼,육달월 월
腦,𡿺,골 뇌
惱,忄,심방변 심
惱,𡿺,골 뇌
能,䏍,작은 벌레 원
能,匕,비수 비
能,匕,비수 비
泥,氵,삼수변 수
泥,尼,여승 니(이)
多,夕,저녁 석
多,夕,저녁 석
茶,艹,초두머리 초
茶,𠆢,사람 인
茶,木,나무 목
短,矢,화살 시
短,豆,콩 두
團,囗,나라 국
團,專,오로지 전
壇,土,흙 토
壇,亶,믿음 단
斷,斤,근 근
斷,㡭,이을 계
單,吅,부르짖을 훤
單,甲,갑옷 갑
單,一,한 일
檀,木,나무 목
檀,亶,믿음 단
端,立,설 립(입)
端,耑,끝 단
段,殳,몽둥이 수
段,丿,삐침 별
段,丨,뚫을 곤
段,三,석 삼
旦,日,날 일
旦,一,한 일
但,亻,사람인변 인
但,旦,아침 단
丹,丶,점 주
丹,冂,멀 경
丹,一,한 일
達,辶,쉬엄쉬엄 갈 착
達,𦍒,어린 양 달
談,言,말씀 언
談,炎,불꽃 염
擔,扌,재방변 수
擔,詹,이를 첨
淡,氵,삼수변 수
淡,炎,불꽃 염
答,𥫗,대죽 죽
答,合,합할 합
踏,𧾷,발족 족
踏,沓,겹칠 답
畓,田,밭 전
畓,水,물 수
堂,土,흙 토
堂,龸,-
堂,口,입 구
當,田,밭 전
當,龸,-
當,口,입 구
黨,黑,검을 흑
黨,龸,-
黨,口,입 구
糖,米,쌀 미
糖,唐,당나라 당
唐,口,입 구
唐,广,집 엄
唐,肀,붓 사
大,大,클 대
代,亻,사람인변 인
代,弋,주살 익
對,寸,마디 촌
對,业,업 업
對,𦍌,양 양
待,彳,조금 걸을 척
待,寺,절 사
帶,凵,입 벌릴 감
帶,一,한 일
帶,巾,수건 건
隊,阝,좌부변 부
隊,㒸,드디어 수
臺,至,이를 지
臺,吉,길할 길
臺,冖,덮을 멱
貸,貝,조개 패
貸,代,대신할 대
德,彳,조금 걸을 척
德,𢛳,클 덕
道,辶,쉬엄쉬엄 갈 착
道,首,머리 수
圖,囗,나라 국
圖,啚,인색할 비
度,广,집 엄
度,廿,스물 입
度,又,또 우
到,刂,선칼도방 도
到,至,이를 지
都,者,놈 자
都,⻏,우부방 읍
島,丿,삐침 별
島,𠁣,-
島,𠃌,-
島,山,메 산
導,寸,마디 촌
導,道,길 도
徒,彳,조금 걸을 척
徒,走,달릴 주
盜,皿,그릇 명
盜,㳄,침 연
逃,辶,쉬엄쉬엄 갈 착
逃,兆,조 조
渡,氵,삼수변 수
渡,度,법도 도
桃,木,나무 목
桃,兆,조 조
倒,亻,사람인변 인
倒,到,이를 도
陶,阝,좌부변 부
陶,匋,질그릇 도
途,辶,쉬엄쉬엄 갈 착
途,余,나 여
刀,刀,칼 도
跳,𧾷,발족 족
跳,兆,조 조
挑,扌,재방변 수
挑,兆,조 조
塗,土,흙 토
塗,涂,길 도
稻,禾,벼 화
稻,舀,퍼낼 요
讀,言,말씀 언
讀,賣,팔 매
獨,犭,개사슴록변 견
獨,蜀,애벌레 촉
毒,龶,-
毒,母,어머니 모
督,目,눈 목
督,叔,아저씨 숙
篤,𥫗,대죽 죽
篤,馬,말 마
敦,攵,칠 복
敦,享,누릴 향
豚,豕,돼지 시
豚,月,달 월
突,穴,구멍 혈
突,犬,개 견
東,木,나무 목
東,日,날 일
動,力,힘 력(역)
動,重,무거울 중
同,冂,멀 경
同,𠮛,뜻 지
洞,氵,삼수변 수
洞,同,한가지 동
冬,夂,뒤쳐져 올 치
冬,⺀,얼음 빙
童,立,설 립(입)
童,里,마을 리(이)
銅,金,쇠 금
銅,同,한가지 동
凍,冫,얼음 빙
凍,東,동녘 동
頭,頁,머리 혈
頭,豆,콩 두
斗,斗,말 두
豆,𠮛,뜻 지
豆,䒑,초두머리 초
屯,屮,왼손 좌
屯,丿,삐침 별
鈍,金,쇠 금
鈍,屯,진 칠 둔
得,彳,조금 걸을 척
得,㝵,그칠 애
登,癶,등질 발
登,豆,콩 두
等,𥫗,대죽 죽
等,寺,절 사
燈,火,불 화
燈,登,오를 등
騰,月,달 월
騰,駦,오를 등
羅,罒,그물망 망
羅,維,벼리 유
樂,𣐩,-
樂,𢆶,작을 유
落,艹,초두머리 초
落,洛,물 이름 락(낙)
絡,糹,가는 실 멱
絡,各,각각 각
亂,乚,숨을 은
亂,𤔔,어지러울 란(난)
卵,𠂑,-
卵,卪,병부 절
欄,木,나무 목
欄,闌,가로막을 란(난)
蘭,艹,초두머리 초
蘭,闌,가로막을 란(난)
覽,見,볼 견
覽,臣,신하 신
覽,𠂉,-
覽,一,한 일
覽,罒,그물망 망
濫,氵,삼수변 수
濫,監,볼 감
朗,丿,삐침 별
朗,𠁣,-
朗,丶,점 주
朗,月,달 월
浪,氵,삼수변 수
浪,良,어질 량(양)
廊,广,집 엄
廊,郎,사내 랑(낭)
郞,良,어질 량(양)
郞,⻏,우부방 읍
來,从,좇을 종
來,木,나무 목
冷,冫,얼음 빙
冷,令,하여금 령(영)
略,田,밭 전
略,各,각각 각
掠,扌,재방변 수
掠,京,서울 경
良,艮,괘 이름 간
良,丶,점 주
量,里,마을 리(이)
量,旦,아침 단
兩,𠓜,나란히 들어갈 량(양)
兩,帀,두를 잡
糧,米,쌀 미
糧,量,헤아릴 량(양)
涼,氵,삼수변 수
涼,京,서울 경
梁,木,나무 목
梁,氵,삼수변 수
梁,刅,비롯할 창
諒,言,말씀 언
諒,京,서울 경
旅,方,모 방
旅,𠂉,-
旅,𧘇,옷의변 의
麗,鹿,사슴 록(녹)
麗,丽,고울 려(여)
慮,虍,호피 무늬 호
慮,思,생각 사
勵,力,힘 력(역)
勵,厲,갈 려(여)
力,力,힘 력(역)
歷,止,그칠 지
歷,厤,책력 력(역)
曆,日,날 일
曆,厤,책력 력(역)
練,糹,가는 실 멱
練,柬,가릴 간
連,辶,쉬엄쉬엄 갈 착
連,車,수레 차
鍊,金,쇠 금
鍊,柬,가릴 간
蓮,艹,초두머리 초
蓮,連,잇닿을 련(연)
聯,耳,귀 이
聯,𢇇,실 꿸 관
戀,心,마음 심
戀,䜌,어지러울 련(연)
憐,忄,심방변 심
憐,粦,도깨비불 린(인)
列,刂,선칼도방 도
列,歹,살 바른 뼈 알
烈,灬,연화발 화
烈,列,벌일 렬(열)
裂,衣,옷 의
裂,列,벌일 렬(열)
劣,力,힘 력(역)
劣,少,적을 소
廉,广,집 엄
廉,兼,겸할 겸
獵,犭,개사슴록변 견
獵,巤,목 갈기 렵(엽)
領,頁,머리 혈
領,令,하여금 령(영)
令,亼,모일 집
令,龴,-
靈,霝,비 올 령(영)
靈,巫,무당 무
嶺,山,메 산
嶺,領,거느릴 령(영)
零,雨,비 우
零,令,하여금 령(영)
例,亻,사람인변 인
例,列,벌일 렬(열)
禮,示,보일 시
禮,豊,풍년 풍
隷,隶,미칠 이
隷,士,선비 사
隷,示,보일 시
老,耂,늙을로엄 로(노)
老,匕,비수 비
路,𧾷,발족 족
路,各,각각 각
勞,力,힘 력(역)
勞,𤇾,등불 형
露,雨,비 우
露,路,길 로(노)
爐,火,불 화
爐,盧,성씨 로(노)
綠,糹,가는 실 멱
綠,彔,새길 록(녹)
錄,金,쇠 금
錄,彔,새길 록(녹)
祿,示,보일 시
祿,彔,새길 록(녹)
鹿,广,집 엄
鹿,丄,윗 상
鹿,𠃍,-
鹿,比,견줄 비
論,言,말씀 언
論,侖,생각할 륜(윤)
弄,廾,받들 공
弄,王,임금 왕
賴,束,묶을 속
賴,刀,칼 도
賴,貝,조개 패
雷,雨,비 우
雷,田,밭 전
料,斗,말 두
料,米,쌀 미
僚,亻,사람인변 인
僚,尞,횃불 료(요)
了,了,마칠 료(요)
龍,𦚏,춘
龍,𠃑,-
龍,三,석 삼
龍,乚,숨을 은
漏,氵,삼수변 수
漏,屚,샐 루(누)
樓,木,나무 목
樓,婁,끌 루(누)
累,糸,가는 실 멱
累,田,밭 전
淚,氵,삼수변 수
淚,戾,어그러질 려(여)
屢,尸,주검 시
屢,婁,끌 루(누)
流,氵,삼수변 수
流,㐬,깃발 류(유)
類,类,무리 류(유)
類,頁,머리 혈
留,𠂎,-
留,刀,칼 도
留,田,밭 전
柳,木,나무 목
柳,卯,토끼 묘
六,八,여덟 팔
六,亠,돼지해머리 두
陸,阝,좌부변 부
陸,坴,언덕 륙(육)
輪,車,수레 차
輪,侖,생각할 륜(윤)
倫,亻,사람인변 인
倫,侖,생각할 륜(윤)
律,彳,조금 걸을 척
律,聿,붓 율
率,玄,검을 현
率,十,열 십
率,冫,얼음 빙
栗,木,나무 목
栗,覀,덮을 아
隆,阝,좌부변 부
隆,㚅,하늘에 예 지낼 륭(융)
陵,阝,좌부변 부
陵,夌,언덕 릉(능)
里,日,날 일
里,土,흙 토
利,刂,선칼도방 도
利,禾,벼 화
理,王,임금 왕
理,里,마을 리(이)
李,木,나무 목
李,子,아들 자
離,隹,새 추
離,离,떠날 리(이)
吏,口,입 구
吏,丈,어른 장
履,尸,주검 시
履,復,회복할 복
裏,衣,옷 의
裏,里,마을 리(이)
梨,木,나무 목
梨,利,이로울 리(이)
隣,阝,좌부변 부
隣,粦,도깨비불 린(인)
林,木,나무 목
林,木,나무 목
臨,臣,신하 신
臨,𠂉,-
臨,品,물건 품
立,亠,돼지해머리 두
立,䒑,초두머리 초
馬,丨,뚫을 곤
馬,一,한 일
馬,𠀆,-
馬,𠃌,-
馬,灬,연화발 화
磨,石,돌 석
磨,麻,삼 마
麻,广,집 엄
麻,𣏟,삼베 패
漠,氵,삼수변 수
漠,莫,없을 막
莫,艹,초두머리 초
莫,旲,햇빛 대
幕,巾,수건 건
幕,莫,없을 막
萬,艹,초두머리 초
萬,禺,어리석을 옹
滿,氵,삼수변 수
滿,㒼,평평할 만
晚,日,날 일
晚,免,면할 면
慢,忄,심방변 심
慢,曼,길게 끌 만
漫,氵,삼수변 수
漫,曼,길게 끌 만
末,木,나무 목
末,一,한 일
望,月,달 월
望,亡,망할 망
望,王,임금 왕
亡,亡,망할 망
妄,女,여자 녀(여)
妄,亡,망할 망
忘,心,마음 심
忘,亡,망할 망
茫,艹,초두머리 초
茫,汒,황급할 망
忙,忄,심방변 심
忙,亡,망할 망
罔,𦉰,그물 망
罔,亡,망할 망
每,母,어머니 모
每,𠂉,-
買,貝,조개 패
買,罒,그물망 망
賣,貝,조개 패
賣,士,선비 사
賣,罒,그물망 망
妹,女,여자 녀(여)
妹,未,아닐 미
媒,女,여자 녀(여)
媒,某,아무 모
梅,木,나무 목
梅,每,매양 매
埋,土,흙 토
埋,里,마을 리(이)
脈,⺼,육달월 월
脈,𠂢,갈래 파
麥,來,올 래(내)
麥,夂,뒤쳐져 올 치
孟,子,아들 자
孟,皿,그릇 명
猛,犭,개사슴록변 견
猛,孟,맏 맹
盲,目,눈 목
盲,亡,망할 망
盟,皿,그릇 명
盟,明,밝을 명
面,丆,구결자 면
面,囬,돌아올 회
勉,免,면할 면
勉,力,힘 력(역)
眠,目,눈 목
眠,民,백성 민
綿,糹,가는 실 멱
綿,帛,비단 백
免,𠮥,-
免,儿,어진 사람 인
滅,氵,삼수변 수
滅,烕,없앨 혈
名,口,입 구
名,夕,저녁 석
命,亼,모일 집
命,叩,두드릴 고
明,日,날 일
明,月,달 월
鳴,鳥,새 조
鳴,口,입 구
銘,金,쇠 금
銘,名,이름 명
冥,冖,덮을 멱
冥,昗,기울 측
母,毋,말 무
母,丶,점 주
毛,乚,숨을 은
毛,彡,터럭 삼
模,木,나무 목
模,莫,없을 막
謀,言,말씀 언
謀,某,아무 모
貌,豸,벌레 치
貌,皃,모양 모
慕,心,마음 심
慕,莫,없을 막
某,𣏼,삽 화
某,一,한 일
暮,日,날 일
暮,莫,없을 막
募,力,힘 력(역)
募,莫,없을 막
冒,冃,쓰개 모
冒,目,눈 목
侮,亻,사람인변 인
侮,每,매양 매
木,木,나무 목
目,口,입 구
目,二,두 이
牧,牛,소 우
牧,攵,칠 복
睦,目,눈 목
睦,坴,언덕 륙(육)
沒,氵,삼수변 수
沒,⺈,칼도 도
沒,又,또 우
蒙,艹,초두머리 초
蒙,冡,덮어쓸 몽
夢,艹,초두머리 초
夢,罒,그물망 망
夢,冖,덮을 멱
夢,夕,저녁 석
墓,土,흙 토
墓,莫,없을 막
妙,女,여자 녀(여)
妙,少,적을 소
卯,𠂎,-
卯,卩,병부 절
廟,广,집 엄
廟,朝,아침 조
苗,艹,초두머리 초
苗,田,밭 전
無,灬,연화발 화
無,卌,마흔 십
無,𠂉,-
無,一,한 일
務,矛,창 모
務,攵,칠 복
務,力,힘 력(역)
武,止,그칠 지
武,一,한 일
武,弋,주살 익
舞,舛,어그러질 천
舞,𠂉,-
舞,卌,마흔 십
貿,𠂎,-
貿,刀,칼 도
貿,貝,조개 패
茂,艹,초두머리 초
茂,戊,천간 무
戊,戈,창 과
戊,丿,삐침 별
霧,雨,비 우
霧,務,힘쓸 무
墨,土,흙 토
墨,黒,검을 흑
默,黑,검을 흑
默,犬,개 견
門,𠁣,-
門,𠃛,-
文,亠,돼지해머리 두
文,乂,벨 예
問,口,입 구
問,門,문 문
聞,耳,귀 이
聞,門,문 문
紋,糹,가는 실 멱
紋,文,글월 문
物,牛,소 우
物,勿,말 물
勿,勹,쌀 포
勿,丿,삐침 별
勿,丿,삐침 별
美,𦍌,양 양
美,大,클 대
米,八,여덟 팔
米,木,나무 목
未,木,나무 목
未,一,한 일
味,口,입 구
味,未,아닐 미
微,彳,조금 걸을 척
微,𢼸,작을 미
尾,尸,주검 시
尾,毛,터럭 모
迷,辶,쉬엄쉬엄 갈 착
迷,米,쌀 미
眉,𠃜,주검 시
眉,目,눈 목
民,氏,각시 씨
民,𠃍,-
敏,攵,칠 복
敏,每,매양 매
憫,忄,심방변 심
憫,閔,성씨 민
密,宓,성씨 복
密,山,메 산
蜜,虫,벌레 훼
蜜,宓,성씨 복
朴,木,나무 목
朴,卜,점 복
博,十,열 십
博,尃,펼 부
拍,扌,재방변 수
拍,白,흰 백
迫,辶,쉬엄쉬엄 갈 착
迫,白,흰 백
薄,艹,초두머리 초
薄,溥,펼 부
泊,氵,삼수변 수
泊,白,흰 백
半,𠀆,-
半,八,여덟 팔
反,又,또 우
反,厂,기슭 엄
班,玨,쌍옥 각
班,刂,선칼도방 도
般,舟,배 주
般,殳,몽둥이 수
盤,皿,그릇 명
盤,般,가지 반
飯,飠,밥식 식
飯,反,돌이킬 반
伴,亻,사람인변 인
伴,半,반 반
叛,半,반 반
叛,反,돌이킬 반
返,辶,쉬엄쉬엄 갈 착
返,反,돌이킬 반
發,癶,등질 발
發,弓,활 궁
發,殳,몽둥이 수
髮,髟,늘어질 표
髮,犮,달릴 발
拔,扌,재방변 수
拔,犮,달릴 발
方,丶,점 주
方,万,일 만 만
放,攵,칠 복
放,方,모 방
防,阝,좌부변 부
防,方,모 방
房,戶,집 호
房,方,모 방
訪,言,말씀 언
訪,方,모 방
妨,女,여자 녀(여)
妨,方,모 방
芳,艹,초두머리 초
芳,方,모 방
倣,亻,사람인변 인
倣,放,놓을 방
傍,亻,사람인변 인
傍,旁,곁 방
邦,丰,예쁠 봉
邦,⻏,우부방 읍
倍,亻,사람인변 인
倍,咅,침 뱉을 부
拜,手,손 수
拜,一,한 일
拜,丰,예쁠 봉
背,⺼,육달월 월
背,北,북녘 북
配,酉,닭 유
配,己,몸 기
輩,車,수레 차
輩,非,아닐 비
培,土,흙 토
培,咅,침 뱉을 부
排,扌,재방변 수
排,非,아닐 비
杯,木,나무 목
杯,不,아닐 부
白,丿,삐침 별
白,日,날 일
百,白,흰 백
百,一,한 일
伯,亻,사람인변 인
伯,白,흰 백
番,田,밭 전
番,釆,분별할 변
繁,糸,가는 실 멱
繁,敏,민첩할 민
飜,飛,날 비
飜,番,차례 번
煩,火,불 화
煩,頁,머리 혈
罰,罒,그물망 망
罰,䚯,소리 현
伐,亻,사람인변 인
伐,戈,창 과
犯,犭,개사슴록변 견
犯,㔾,병부 절
範,𥫗,대죽 죽
範,𨊠,수레 바닥 둘레 나무 범
凡,几,안석 궤
凡,丶,점 주
法,氵,삼수변 수
法,去,갈 거
壁,土,흙 토
壁,辟,피할 피
碧,石,돌 석
碧,珀,호박 박
變,䜌,어지러울 련(연)
變,攵,칠 복
邊,辶,쉬엄쉬엄 갈 착
邊,臱,보이지 않을 면
辯,辡,따질 변
辯,言,말씀 언
辨,辡,따질 변
辨,刂,선칼도방 도
別,刂,선칼도방 도
別,另,헤어질 령(영)
病,疒,병들어 기댈 녁(역)
病,丙,남녘 병
兵,八,여덟 팔
兵,丘,언덕 구
丙,一,한 일
丙,内,안 내
竝,立,설 립(입)
竝,立,설 립(입)
屛,尸,주검 시
屛,幷,아우를 병
保,亻,사람인변 인
保,呆,어리석을 매
步,止,그칠 지
步,𣥂,밟을 달
報,幸,다행 행
報,𠬝,다스릴 복
寶,宀,집 면
寶,𤣩,구슬옥변 옥
寶,缶,장군 부
寶,貝,조개 패
普,日,날 일
普,並,나란히 병
譜,言,말씀 언
譜,普,넓을 보
補,衤,옷의변 의
補,甫,클 보
服,月,달 월
服,𠬝,다스릴 복
福,礻,보일시변 시
福,畐,가득할 복
復,彳,조금 걸을 척
復,复,회복할 복
伏,亻,사람인변 인
伏,犬,개 견
複,衤,옷의변 의
複,复,회복할 복
腹,月,달 월
腹,复,회복할 복
卜,卜,점 복
本,木,나무 목
本,一,한 일
奉,𡗗,-
奉,𠀆,-
鳳,𠘨,새 나는 모양 수
鳳,一,한 일
鳳,鳥,새 조
封,寸,마디 촌
封,圭,서옥 규
峯,山,메 산
峯,夆,끌 봉
逢,辶,쉬엄쉬엄 갈 착
逢,夆,끌 봉
蜂,虫,벌레 훼
蜂,夆,끌 봉
父,八,여덟 팔
父,乂,벨 예
夫,大,클 대
夫,一,한 일
部,咅,침 뱉을 부
部,⻏,우부방 읍
府,广,집 엄
府,付,줄 부
富,宀,집 면
富,畐,가득할 복
副,刂,선칼도방 도
副,畐,가득할 복
婦,女,여자 녀(여)
婦,帚,비 추
否,口,입 구
否,不,아닐 부
負,⺈,칼도 도
負,貝,조개 패
覆,覀,덮을 아
覆,復,회복할 복
符,𥫗,대죽 죽
符,付,줄 부
付,亻,사람인변 인
付,寸,마디 촌
浮,氵,삼수변 수
浮,孚,미쁠 부
賦,貝,조개 패
賦,武,호반 무
腐,肉,고기 육
腐,府,마을 부
附,阝,좌부변 부
附,付,줄 부
簿,𥫗,대죽 죽
簿,溥,펼 부
扶,扌,재방변 수
扶,夫,지아비 부
赴,走,달릴 주
赴,卜,점 복
北,匕,비수 비
北,丬,나뭇조각 장
分,刀,칼 도
分,八,여덟 팔
粉,米,쌀 미
粉,分,나눌 분
憤,忄,심방변 심
憤,賁,클 분
奔,大,클 대
奔,卉,풀 훼
奮,奞,날개 칠 순
奮,田,밭 전
紛,糹,가는 실 멱
紛,分,나눌 분
墳,土,흙 토
墳,賁,클 분
不,丆,구결자 면
不,丨,뚫을 곤
不,丶,점 주
佛,亻,사람인변 인
佛,弗,아닐 불
拂,扌,재방변 수
拂,弗,아닐 불
崩,山,메 산
崩,朋,벗 붕
朋,月,달 월
朋,月,달 월
比,匕,비수 비
比,匕,비수 비
費,貝,조개 패
費,弗,아닐 불
鼻,自,스스로 자
鼻,畀,줄 비
飛,亻,사람인변 인
飛,丨,뚫을 곤
飛,𠃧,날 비
備,亻,사람인변 인
備,𤰇,갖출 비
非,卝,쌍상투 관
非,二,두 이
非,二,두 이
悲,心,마음 심
悲,非,아닐 비
批,扌,재방변 수
批,比,견줄 비
祕,示,보일 시
祕,必,반드시 필
碑,石,돌 석
碑,卑,낮을 비
妃,女,여자 녀(여)
妃,己,몸 기
婢,女,여자 녀(여)
婢,卑,낮을 비
肥,⺼,육달월 월
肥,巴,꼬리 파
卑,十,열 십
卑,白,흰 백
卑,丿,삐침 별
貧,貝,조개 패
貧,分,나눌 분
賓,宀,집 면
賓,丅,아래 하
賓,丿,삐침 별
賓,丿,삐침 별
賓,貝,조개 패
賓,丶,점 주
頻,頁,머리 혈
頻,步,걸음 보
氷,水,물 수
氷,丶,점 주
聘,耳,귀 이
聘,甹,말 잴 병
四,囗,나라 국
四,八,여덟 팔
事,𠮛,뜻 지
事,肀,붓 사
社,礻,보일시변 시
社,土,흙 토
使,亻,사람인변 인
使,吏,벼슬아치 리(이)
死,歹,살 바른 뼈 알
死,匕,비수 비
史,中,가운데 중
史,丶,점 주
士,士,선비 사
仕,亻,사람인변 인
仕,士,선비 사
寫,宀,집 면
寫,舄,신 석
思,心,마음 심
思,田,밭 전
査,木,나무 목
査,且,또 차
寺,寸,마디 촌
寺,土,흙 토
師,帀,두를 잡
師,𠂤,쌓을 퇴
謝,言,말씀 언
謝,射,쏠 사
舍,𠆢,사람 인
舍,舌,혀 설
辭,辛,매울 신
辭,𤔔,어지러울 란(난)
私,禾,벼 화
私,厶,사사 사
絲,糹,가는 실 멱
絲,糸,가는 실 멱
射,寸,마디 촌
射,身,몸 신
邪,牙,어금니 아
邪,⻏,우부방 읍
沙,氵,삼수변 수
沙,少,적을 소
司,𠮛,뜻 지
司,𠃌,-
蛇,虫,벌레 훼
蛇,它,다를 타
斜,斗,말 두
斜,余,나 여
詞,言,말씀 언
詞,司,맡을 사
祀,示,보일 시
祀,巳,뱀 사
巳,巳,뱀 사
捨,扌,재방변 수
捨,舍,집 사
斯,斤,근 근
斯,其,그 기
詐,言,말씀 언
詐,乍,잠깐 사
賜,貝,조개 패
賜,易,바꿀 역
似,亻,사람인변 인
似,以,써 이
削,刂,선칼도방 도
削,肖,닮을 초
朔,月,달 월
朔,屰,거스를 역
山,山,메 산
算,𥬥,-
算,卄,스물 입
産,生,날 생
産,产,낳을 산
散,攵,칠 복
散,龷,-
散,月,달 월
殺,𣏂,죽일 살
殺,殳,몽둥이 수
三,一,한 일
三,二,두 이
森,木,나무 목
森,林,수풀 림(임)
上,上,윗 상
商,亠,돼지해머리 두
商,八,여덟 팔
商,冏,빛날 경
相,目,눈 목
相,木,나무 목
賞,龸,-
賞,員,인원 원
常,龸,-
常,吊,이를 적
床,广,집 엄
床,木,나무 목
想,心,마음 심
想,相,서로 상
狀,犬,개 견
狀,爿,나뭇조각 장
傷,亻,사람인변 인
傷,𠂉,-
傷,昜,볕 양
象,𠮥,-
象,丨,뚫을 곤
象,𧰨,더위잡을 반
霜,雨,비 우
霜,相,서로 상
裳,龸,-
裳,衣,옷 의
裳,口,입 구
桑,木,나무 목
桑,叒,따를 약
喪,吅,부르짖을 훤
喪,十,열 십
喪,𧘇,옷의변 의
詳,言,말씀 언
詳,羊,양 양
尙,小,작을 소
尙,冋,들 경
像,亻,사람인변 인
像,象,코끼리 상
償,亻,사람인변 인
償,賞,상줄 상
祥,示,보일 시
祥,羊,양 양
嘗,龸,-
嘗,口,입 구
嘗,旨,뜻 지
色,⺈,칼도 도
色,巴,꼬리 파
索,糸,가는 실 멱
索,冖,덮을 멱
索,十,열 십
塞,𡨄,틈 하
塞,土,흙 토
生,𠂉,-
生,土,흙 토
西,兀,우뚝할 올
西,口,입 구
書,曰,가로 왈
書,聿,붓 율
序,广,집 엄
序,予,나 여
恕,心,마음 심
恕,如,같을 여
緖,糹,가는 실 멱
緖,者,놈 자
徐,彳,조금 걸을 척
徐,余,나 여
署,罒,그물망 망
署,者,놈 자
暑,日,날 일
暑,者,놈 자
敍,攴,칠 복
敍,余,나 여
逝,辶,쉬엄쉬엄 갈 착
逝,折,꺾을 절
庶,广,집 엄
庶,廿,스물 입
庶,灬,연화발 화
誓,言,말씀 언
誓,折,꺾을 절
夕,夕,저녁 석
席,巾,수건 건
席,广,집 엄
席,廿,스물 입
石,丆,구결자 면
石,口,입 구
惜,忄,심방변 심
惜,昔,예 석
釋,釆,분별할 변
釋,睪,엿볼 역
昔,龷,-
昔,日,날 일
析,木,나무 목
析,斤,근 근
先,丿,삐침 별
先,圥,버섯 록(녹)
線,糹,가는 실 멱
線,泉,샘 천
鮮,魚,물고기 어
鮮,羊,양 양
仙,亻,사람인변 인
仙,山,메 산
善,口,입 구
善,羊,양 양
善,䒑,초두머리 초
選,辶,쉬엄쉬엄 갈 착
選,巽,부드러울 손
船,舟,배 주
船,几,안석 궤
船,口,입 구
宣,宀,집 면
宣,亘,뻗칠 긍
禪,示,보일 시
禪,單,홑 단
旋,方,모 방
旋,𠂉,-
旋,疋,짝 필
雪,雨,비 우
雪,彐,돼지 머리 계
說,言,말씀 언
說,兌,바꿀 태
設,言,말씀 언
設,殳,몽둥이 수
舌,千,일천 천
舌,口,입 구
攝,扌,재방변 수
攝,聶,소곤거릴 섭
涉,氵,삼수변 수
涉,步,걸음 보
姓,女,여자 녀(여)
姓,生,날 생
成,戊,천간 무
成,𠃌,-
省,目,눈 목
省,少,적을 소
性,忄,심방변 심
性,生,날 생
誠,言,말씀 언
誠,成,이룰 성
聲,耳,귀 이
聲,殸,소리 성
盛,皿,그릇 명
盛,成,이룰 성
聖,𦔻,성인 성
聖,壬,북방 임
城,土,흙 토
城,成,이룰 성
星,日,날 일
星,生,날 생
世,廿,스물 입
世,𠃊,숨을 은
洗,氵,삼수변 수
洗,先,먼저 선
歲,步,걸음 보
歲,戌,개 술
勢,力,힘 력(역)
勢,埶,재주 예
稅,禾,벼 화
稅,兌,바꿀 태
細,糹,가는 실 멱
細,田,밭 전
小,小,작을 소
少,小,작을 소
少,丿,삐침 별
所,戶,집 호
所,斤,근 근
消,氵,삼수변 수
消,肖,닮을 초
笑,𥫗,대죽 죽
笑,夭,일찍 죽을 요
掃,扌,재방변 수
掃,帚,비 추
素,龶,-
素,糸,가는 실 멱
訴,言,말씀 언
訴,斥,물리칠 척
燒,火,불 화
燒,堯,요임금 요
疏,𤴔,짝필 필
疏,㐬,깃발 류(유)
蘇,艹,초두머리 초
蘇,穌,깨어날 소
召,口,입 구
召,刀,칼 도
昭,日,날 일
昭,召,부를 소
蔬,艹,초두머리 초
蔬,疏,소통할 소
騷,馬,말 마
騷,蚤,벼룩 조
速,辶,쉬엄쉬엄 갈 착
速,束,묶을 속
束,木,나무 목
束,口,입 구
續,糹,가는 실 멱
續,賣,팔 매
俗,亻,사람인변 인
俗,谷,골 곡
屬,尸,주검 시
屬,氺,물 수
屬,蜀,애벌레 촉
粟,米,쌀 미
粟,覀,덮을 아
孫,子,아들 자
孫,系,맬 계
損,扌,재방변 수
損,員,인원 원
送,辶,쉬엄쉬엄 갈 착
送,关,웃을 소
頌,頁,머리 혈
頌,公,공평할 공
松,木,나무 목
松,公,공평할 공
訟,言,말씀 언
訟,公,공평할 공
誦,言,말씀 언
誦,甬,길 용
鎖,金,쇠 금
鎖,𧴪,자잘할 쇄
刷,𡰯,돼지 시
刷,刂,선칼도방 도
衰,亠,돼지해머리 두
衰,口,입 구
衰,一,한 일
衰,𧘇,옷의변 의
水,水,물 수
手,手,손 수
數,攵,칠 복
數,婁,끌 루(누)
樹,木,나무 목
樹,尌,멈출 주
首,䒑,초두머리 초
首,自,스스로 자
修,丨,뚫을 곤
修,俢,닦을 수
受,爫,손톱조 조
受,冖,덮을 멱
受,又,또 우
守,宀,집 면
守,寸,마디 촌
授,扌,재방변 수
授,受,받을 수
收,攵,칠 복
收,丩,얽힐 구
秀,禾,벼 화
秀,乃,이에 내
愁,心,마음 심
愁,秋,가을 추
壽,士,선비 사
壽,乛,구결자 야
壽,工,장인 공
壽,一,한 일
壽,吋,마디 촌
帥,巾,수건 건
帥,𠂤,쌓을 퇴
殊,歹,살 바른 뼈 알
殊,朱,붉을 주
輸,車,수레 차
輸,兪,대답할 유
隨,阝,좌부변 부
隨,遀,따를 수
需,雨,비 우
需,而,말 이을 이
垂,壬,북방 임
垂,工,장인 공
垂,丨,뚫을 곤
獸,犬,개 견
獸,嘼,가축 축
睡,目,눈 목
睡,垂,드리울 수
須,頁,머리 혈
須,彡,터럭 삼
雖,隹,새 추
雖,虽,비록 수
誰,言,말씀 언
誰,隹,새 추
搜,扌,재방변 수
搜,叟,늙은이 수
囚,囗,나라 국
囚,人,사람 인
遂,辶,쉬엄쉬엄 갈 착
遂,㒸,드디어 수
宿,宀,집 면
宿,佰,일백 백
叔,又,또 우
叔,尗,아저씨 숙
肅,肀,붓 사
肅,𣶒,못 연
淑,氵,삼수변 수
淑,叔,아저씨 숙
熟,灬,연화발 화
熟,孰,누구 숙
孰,享,누릴 향
孰,丸,둥글 환
順,頁,머리 혈
順,川,내 천
純,糹,가는 실 멱
純,屯,진 칠 둔
旬,日,날 일
旬,勹,쌀 포
瞬,目,눈 목
瞬,舜,순임금 순
巡,辶,쉬엄쉬엄 갈 착
巡,巛,내 천
循,彳,조금 걸을 척
循,盾,방패 순
殉,歹,살 바른 뼈 알
殉,旬,열흘 순
脣,⺼,육달월 월
脣,辰,별 진
術,行,다닐 행
術,朮,차조 출
述,辶,쉬엄쉬엄 갈 착
述,朮,차조 출
戌,戊,천간 무
戌,一,한 일
崇,山,메 산
崇,宗,마루 종
習,羽,깃 우
習,白,흰 백
濕,氵,삼수변 수
濕,㬎,드러날 현
拾,扌,재방변 수
拾,合,합할 합
襲,衣,옷 의
襲,龍,용 룡(용)
勝,月,달 월
勝,劵,게으를 권
承,氶,이을 승
承,三,석 삼
乘,禾,벼 화
乘,北,북녘 북
昇,日,날 일
昇,升,되 승
僧,亻,사람인변 인
僧,曾,일찍 증
時,日,날 일
時,寺,절 사
市,巾,수건 건
市,亠,돼지해머리 두
始,女,여자 녀(여)
始,台,별 태
示,二,두 이
示,小,작을 소
詩,言,말씀 언
詩,寺,절 사
試,言,말씀 언
試,式,법 식
視,礻,보일시변 시
視,見,볼 견
施,方,모 방
施,㐌,종족 이름 이
是,日,날 일
是,疋,짝 필
侍,亻,사람인변 인
侍,寺,절 사
矢,𠂉,-
矢,大,클 대
食,𠆢,사람 인
食,良,어질 량(양)
植,木,나무 목
植,直,곧을 직
式,弋,주살 익
式,工,장인 공
識,言,말씀 언
識,戠,찰흙 치
息,心,마음 심
息,自,스스로 자
飾,𩙿,밥식 식
飾,布,베 포
身,𨈐,그 궐
身,二,두 이
神,礻,보일시변 시
神,申,거듭 신
信,亻,사람인변 인
信,言,말씀 언
新,亲,친할 친
新,斤,근 근
臣,匚,상자 방
臣,丨,뚫을 곤
臣,𠃍,-
臣,一,한 일
臣,丨,뚫을 곤
申,日,날 일
申,丨,뚫을 곤
愼,忄,심방변 심
愼,眞,참 진
辛,立,설 립(입)
辛,十,열 십
伸,亻,사람인변 인
伸,申,거듭 신
晨,日,날 일
晨,辰,별 진
室,宀,집 면
室,至,이를 지
失,大,클 대
失,𠂉,-
實,宀,집 면
實,貫,꿸 관
心,𢖩,성씨 점
心,丶,점 주
深,氵,삼수변 수
深,罙,무릅쓸 미
甚,甘,달 감
甚,匹,짝 필
審,宀,집 면
審,番,차례 번
尋,寻,찾을 심
尋,工,장인 공
尋,口,입 구
十,十,열 십
雙,雔,새 한 쌍 수
雙,又,또 우
氏,氏,각시 씨
兒,儿,어진 사람 인
兒,臼,절구 구
雅,隹,새 추
雅,牙,어금니 아
我,戈,창 과
我,扌,재방변 수
阿,阝,좌부변 부
阿,可,옳을 가
亞,亞,버금 아
芽,艹,초두머리 초
芽,牙,어금니 아
牙,牙,어금니 아
餓,𩙿,밥식 식
餓,我,나 아
惡,心,마음 심
惡,亞,버금 아
岳,山,메 산
岳,丘,언덕 구
安,宀,집 면
安,女,여자 녀(여)
案,木,나무 목
案,安,편안 안
眼,目,눈 목
眼,艮,괘 이름 간
顔,頁,머리 혈
顔,彦,선비 언
岸,山,메 산
岸,厈,굴바위 엄
雁,厂,기슭 엄
雁,倠,추할 휴
謁,言,말씀 언
謁,曷,어찌 갈
暗,日,날 일
暗,音,소리 음
巖,山,메 산
巖,嚴,엄할 엄
壓,土,흙 토
壓,厭,싫어할 염
押,扌,재방변 수
押,甲,갑옷 갑
仰,亻,사람인변 인
仰,卬,나 앙
央,大,클 대
央,冂,멀 경
殃,歹,살 바른 뼈 알
殃,央,가운데 앙
愛,爫,손톱조 조
愛,冖,덮을 멱
愛,𢖻,사랑 애
哀,口,입 구
哀,衣,옷 의
涯,氵,삼수변 수
涯,厓,언덕 애
液,氵,삼수변 수
液,夜,밤 야
額,頁,머리 혈
額,客,손 객
厄,厂,기슭 엄
厄,㔾,병부 절
夜,亠,돼지해머리 두
夜,㐴,더위잡을 반
夜,丶,점 주
野,里,마을 리(이)
野,予,나 여
也,乜,사팔뜨기 먀
也,丨,뚫을 곤
耶,耳,귀 이
耶,⻏,우부방 읍
弱,弓,활 궁
弱,冫,얼음 빙
弱,弓,활 궁
弱,冫,얼음 빙
藥,艹,초두머리 초
藥,樂,노래 악
約,糹,가는 실 멱
約,勺,구기 작
若,艹,초두머리 초
若,右,오른쪽 우
躍,𧾷,발족 족
躍,翟,꿩 적
陽,阝,좌부변 부
陽,昜,볕 양
洋,氵,삼수변 수
洋,羊,양 양
養,𦍌,양 양
養,八,여덟 팔
養,良,어질 량(양)
羊,䒑,초두머리 초
羊,𠀆,-
樣,木,나무 목
樣,羕,강 길 양
讓,言,말씀 언
讓,襄,도울 양
壤,土,흙 토
壤,襄,도울 양
揚,扌,재방변 수
揚,昜,볕 양
楊,木,나무 목
楊,昜,볕 양
語,言,말씀 언
語,吾,나 오
漁,氵,삼수변 수
漁,魚,물고기 어
魚,⺈,칼도 도
魚,田,밭 전
魚,灬,연화발 화
御,彳,조금 걸을 척
御,卸,풀 사
於,方,모 방
於,仒,구결자 어
億,亻,사람인변 인
億,意,뜻 의
憶,忄,심방변 심
憶,意,뜻 의
抑,扌,재방변 수
抑,卬,나 앙
言,亖,넉 사
言,口,입 구
焉,正,바를 정
焉,𠀁,일곱 칠
焉,灬,연화발 화
嚴,吅,부르짖을 훤
嚴,𠪚,험준할 음
業,业,업 업
業,𦍎,오랑캐 강
餘,𩙿,밥식 식
餘,余,나 여
如,女,여자 녀(여)
如,口,입 구
與,𦥑,깍지 낄 국
與,与,더불 여
與,一,한 일
與,八,여덟 팔
輿,車,수레 차
輿,𦥑,깍지 낄 국
輿,一,한 일
輿,八,여덟 팔
汝,氵,삼수변 수
汝,女,여자 녀(여)
余,𠆢,사람 인
余,于,어조사 우
余,八,여덟 팔
予,丁,고무래 정
予,龴,-
逆,辶,쉬엄쉬엄 갈 착
逆,屰,거스를 역
域,土,흙 토
域,或,혹 혹
易,日,날 일
易,勿,말 물
疫,疒,병들어 기댈 녁(역)
疫,殳,몽둥이 수
亦,亠,돼지해머리 두
亦,八,여덟 팔
亦,八,여덟 팔
役,彳,조금 걸을 척
役,殳,몽둥이 수
譯,言,말씀 언
譯,睪,엿볼 역
驛,馬,말 마
驛,睪,엿볼 역
然,灬,연화발 화
然,夕,저녁 석
然,犬,개 견
然,丶,점 주
煙,火,불 화
煙,垔,막을 인
硏,石,돌 석
硏,幵,평평할 견
演,氵,삼수변 수
演,寅,범 인
燃,火,불 화
燃,然,그럴 연
鉛,金,쇠 금
鉛,㕣,산속 늪 연
緣,糹,가는 실 멱
緣,彖,판단할 단
延,廴,길게 걸을 인
延,丿,삐침 별
延,卜,점 복
延,乚,숨을 은
沿,氵,삼수변 수
沿,㕣,산속 늪 연
軟,車,수레 차
軟,欠,하품 흠
宴,宀,집 면
宴,妟,편안할 안
燕,灬,연화발 화
燕,北,북녘 북
燕,口,입 구
燕,廿,스물 입
熱,灬,연화발 화
熱,埶,재주 예
悅,忄,심방변 심
悅,兌,바꿀 태
閱,門,문 문
閱,兌,바꿀 태
染,木,나무 목
染,氿,샘 궤
鹽,鹵,소금 로(노)
鹽,𠂉,-
鹽,臣,신하 신
鹽,皿,그릇 명
炎,火,불 화
炎,火,불 화
葉,艹,초두머리 초
葉,枼,나뭇잎 엽
英,艹,초두머리 초
英,央,가운데 앙
永,水,물 수
永,丶,점 주
榮,木,나무 목
榮,𤇾,등불 형
迎,辶,쉬엄쉬엄 갈 착
迎,卬,나 앙
映,日,날 일
映,央,가운데 앙
營,𤇾,등불 형
營,呂,성씨 려(여)
影,彡,터럭 삼
影,景,볕 경
詠,言,말씀 언
詠,永,길 영
泳,氵,삼수변 수
泳,永,길 영
藝,艹,초두머리 초
藝,㙯,재주 예
豫,予,나 여
豫,象,코끼리 상
譽,言,말씀 언
譽,與,더불 여
銳,金,쇠 금
銳,兌,바꿀 태
五,一,한 일
五,𫝀,-
午,𠂉,-
午,十,열 십
誤,言,말씀 언
誤,吳,성씨 오
烏,戶,집 호
烏,一,한 일
烏,𠃌,-
烏,灬,연화발 화
悟,忄,심방변 심
悟,吾,나 오
嗚,口,입 구
嗚,烏,까마귀 오
娛,女,여자 녀(여)
娛,吳,성씨 오
吾,口,입 구
吾,五,다섯 오
傲,亻,사람인변 인
傲,敖,거만할 오
汚,氵,삼수변 수
汚,亐,땅 이름 울
屋,尸,주검 시
屋,至,이를 지
玉,丶,점 주
玉,王,임금 왕
獄,狺,으르렁거릴 은
獄,犬,개 견
溫,氵,삼수변 수
溫,𥁕,온화할 온
擁,扌,재방변 수
擁,雍,화할 옹
翁,羽,깃 우
翁,公,공평할 공
瓦,瓦,기와 와
臥,臣,신하 신
臥,人,사람 인
完,宀,집 면
完,元,으뜸 원
緩,糹,가는 실 멱
緩,爰,이에 원
曰,曰,가로 왈
王,王,임금 왕
往,彳,조금 걸을 척
往,主,임금 주
外,夕,저녁 석
外,卜,점 복
畏,田,밭 전
畏,𧘇,옷의변 의
要,覀,덮을 아
要,女,여자 녀(여)
曜,日,날 일
曜,翟,꿩 적
謠,言,말씀 언
謠,䍃,질그릇 요
遙,辶,쉬엄쉬엄 갈 착
遙,䍃,질그릇 요
腰,⺼,육달월 월
腰,要,요긴할 요
搖,扌,재방변 수
搖,䍃,질그릇 요
浴,氵,삼수변 수
浴,谷,골 곡
慾,心,마음 심
慾,欲,하고자 할 욕
欲,欠,하품 흠
欲,谷,골 곡
辱,辰,별 진
辱,寸,마디 촌
勇,甬,길 용
勇,力,힘 력(역)
用,冂,멀 경
用,𠀆,-
容,宀,집 면
容,谷,골 곡
庸,广,집 엄
庸,肀,붓 사
庸,冃,쓰개 모
右,口,입 구
右,𠂇,왼 좌
友,又,또 우
友,𠂇,왼 좌
雨,帀,두를 잡
雨,⺀,얼음 빙
雨,⺀,얼음 빙
牛,牛,소 우
優,亻,사람인변 인
優,憂,근심 우
遇,辶,쉬엄쉬엄 갈 착
遇,禺,어리석을 옹
郵,垂,드리울 수
郵,⻏,우부방 읍
憂,百,일백 백
憂,冖,덮을 멱
憂,𢖻,사랑 애
偶,亻,사람인변 인
偶,禺,어리석을 옹
宇,宀,집 면
宇,于,어조사 우
愚,心,마음 심
愚,禺,어리석을 옹
羽,羽,깃 우
于,二,두 이
于,亅,갈고리 궐
尤,尢,절름발이 왕
尤,丶,점 주
又,又,또 우
運,辶,쉬엄쉬엄 갈 착
運,軍,군사 군
雲,雨,비 우
雲,云,이를 운
韻,音,소리 음
韻,員,인원 원
云,二,두 이
云,厶,사사 사
雄,隹,새 추
雄,厷,팔뚝 굉
園,囗,나라 국
園,袁,성씨 원
遠,辶,쉬엄쉬엄 갈 착
遠,袁,성씨 원
元,一,한 일
元,兀,우뚝할 올
原,厂,기슭 엄
原,𤽄,-
院,阝,좌부변 부
院,完,완전할 완
願,頁,머리 혈
願,原,언덕 원
圓,囗,나라 국
圓,員,인원 원
員,口,입 구
員,貝,조개 패
怨,心,마음 심
怨,夗,누워 뒹굴 원
援,扌,재방변 수
援,爰,이에 원
源,氵,삼수변 수
源,原,언덕 원
月,月,달 월
越,走,달릴 주
越,戉,도끼 월
偉,亻,사람인변 인
偉,韋,가죽 위
位,亻,사람인변 인
位,立,설 립(입)
衛,行,다닐 행
衛,韋,가죽 위
爲,爫,손톱조 조
爲,𠃌,-
爲,灬,연화발 화
圍,囗,나라 국
圍,韋,가죽 위
委,女,여자 녀(여)
委,禾,벼 화
威,女,여자 녀(여)
威,戌,개 술
慰,心,마음 심
慰,尉,벼슬 위
危,㔾,병부 절
危,厃,우러러볼 첨
胃,⺼,육달월 월
胃,田,밭 전
僞,亻,사람인변 인
僞,爲,할 위
謂,言,말씀 언
謂,胃,위장 위
違,辶,쉬엄쉬엄 갈 착
違,韋,가죽 위
緯,糹,가는 실 멱
緯,韋,가죽 위
有,𠂇,왼 좌
有,月,달 월
由,田,밭 전
油,氵,삼수변 수
油,由,말미암을 유
遊,辶,쉬엄쉬엄 갈 착
遊,斿,놀 유
乳,乚,숨을 은
乳,孚,미쁠 부
儒,亻,사람인변 인
儒,需,쓰일 수
遺,辶,쉬엄쉬엄 갈 착
遺,貴,귀할 귀
猶,犭,개사슴록변 견
猶,酋,우두머리 추
幽,𢆶,작을 유
幽,山,메 산
幼,幺,작을 요
幼,力,힘 력(역)
柔,木,나무 목
柔,矛,창 모
維,糹,가는 실 멱
維,隹,새 추
裕,衤,옷의변 의
裕,谷,골 곡
誘,言,말씀 언
誘,秀,빼어날 수
悠,心,마음 심
悠,攸,바 유
唯,口,입 구
唯,隹,새 추
酉,西,서녘 서
酉,一,한 일
愈,兪,대답할 유
愈,心,마음 심
惟,忄,심방변 심
惟,隹,새 추
育,亠,돼지해머리 두
育,䏍,작은 벌레 원
肉,冂,멀 경
肉,仌,얼음 빙
潤,氵,삼수변 수
潤,閏,윤달 윤
閏,門,문 문
閏,王,임금 왕
銀,金,쇠 금
銀,艮,괘 이름 간
恩,心,마음 심
恩,因,인할 인
隱,阝,좌부변 부
隱,㥯,삼갈 은
乙,乙,새 을
音,立,설 립(입)
音,日,날 일
飮,𩙿,밥식 식
飮,欠,하품 흠
陰,阝,좌부변 부
陰,侌,그늘 음
淫,氵,삼수변 수
淫,㸒,가까이할 음
吟,口,입 구
吟,今,이제 금
邑,口,입 구
邑,巴,꼬리 파
泣,氵,삼수변 수
泣,立,설 립(입)
應,心,마음 심
應,䧹,매 응
凝,冫,얼음 빙
凝,疑,의심할 의
意,音,소리 음
意,心,마음 심
醫,酉,닭 유
醫,殹,앓는 소리 예
衣,亠,돼지해머리 두
衣,𧘇,옷의변 의
議,言,말씀 언
議,義,옳을 의
義,𦍌,양 양
義,我,나 아
依,亻,사람인변 인
依,衣,옷 의
儀,亻,사람인변 인
儀,義,옳을 의
疑,𠤕,정하지 못할 의
疑,龴,-
疑,疋,짝 필
矣,矢,화살 시
矣,厶,사사 사
宜,宀,집 면
宜,且,또 차
二,二,두 이
以,丨,뚫을 곤
以,一,한 일
以,人,사람 인
以,丶,점 주
耳,耳,귀 이
移,禾,벼 화
移,多,많을 다
異,田,밭 전
異,共,한가지 공
已,己,몸 기
而,一,한 일
而,𦓐,-
夷,大,클 대
夷,弓,활 궁
益,皿,그릇 명
益,八,여덟 팔
益,一,한 일
益,八,여덟 팔
翼,羽,깃 우
翼,異,다를 이(리)
人,人,사람 인
因,囗,나라 국
因,大,클 대
印,丿,삐침 별
印,丨,뚫을 곤
印,二,두 이
印,卩,병부 절
引,弓,활 궁
引,丨,뚫을 곤
認,言,말씀 언
認,忍,참을 인
仁,亻,사람인변 인
仁,二,두 이
忍,心,마음 심
忍,刃,칼날 인
寅,㝉,오랫동안 서 있을 저
寅,由,말미암을 유
寅,八,여덟 팔
姻,女,여자 녀(여)
姻,因,인할 인
一,一,한 일
日,日,날 일
逸,辶,쉬엄쉬엄 갈 착
逸,兔,토끼 토
任,亻,사람인변 인
任,壬,북방 임
壬,士,선비 사
壬,丿,삐침 별
賃,貝,조개 패
賃,任,맡길 임
入,入,들 입
子,子,아들 자
自,丿,삐침 별
自,目,눈 목
字,子,아들 자
字,宀,집 면
者,耂,늙을로엄 로(노)
者,丶,점 주
者,日,날 일
資,貝,조개 패
資,次,버금 차
姿,女,여자 녀(여)
姿,次,버금 차
姉,女,여자 녀(여)
姉,市,저자 시
紫,糸,가는 실 멱
紫,此,이 차
慈,心,마음 심
慈,兹,무성할 자
刺,刂,선칼도방 도
刺,朿,가시 자
恣,心,마음 심
恣,次,버금 차
玆,玄,검을 현
玆,玄,검을 현
作,亻,사람인변 인
作,乍,잠깐 사
昨,日,날 일
昨,乍,잠깐 사
酌,酉,닭 유
酌,勺,구기 작
爵,𡬳,닦을 선
爵,𠁣,-
爵,二,두 이
殘,歹,살 바른 뼈 알
殘,戔,나머지 잔
暫,日,날 일
暫,斬,벨 참
潛,氵,삼수변 수
潛,朁,일찍이 참
雜,隹,새 추
雜,亠,돼지해머리 두
雜,从,좇을 종
雜,木,나무 목
長,丨,뚫을 곤
長,三,석 삼
長,𧘇,옷의변 의
場,土,흙 토
場,昜,볕 양
章,立,설 립(입)
章,早,이를 조
將,爿,나뭇조각 장
將,𪧷,-
將,丶,점 주
障,阝,좌부변 부
障,章,글 장
獎,犬,개 견
獎,將,장수 장
裝,衣,옷 의
裝,壯,장할 장
腸,⺼,육달월 월
腸,昜,볕 양
張,弓,활 궁
張,長,길 장
壯,士,선비 사
壯,爿,나뭇조각 장
帳,巾,수건 건
帳,長,길 장
莊,艹,초두머리 초
莊,壯,장할 장
葬,艹,초두머리 초
葬,𢍈,장사지낼 장
臟,⺼,육달월 월
臟,藏,감출 장
粧,米,쌀 미
粧,庄,엄할 장
掌,龸,-
掌,𠰅,집을 지
丈,丈,어른 장
藏,艹,초두머리 초
藏,臧,착할 장
墻,土,흙 토
墻,嗇,아낄 색
才,才,재주 재
在,𠂇,왼 좌
在,丨,뚫을 곤
在,土,흙 토
財,貝,조개 패
財,才,재주 재
材,木,나무 목
材,才,재주 재
災,火,불 화
災,巛,내 천
再,一,한 일
再,冉,나아갈 염
栽,木,나무 목
栽,𢦏,다칠 재
裁,衣,옷 의
裁,𢦏,다칠 재
載,車,수레 차
載,𢦏,다칠 재
哉,口,입 구
哉,𢦏,다칠 재
宰,宀,집 면
宰,辛,매울 신
爭,爫,손톱조 조
爭,尹,성씨 윤
貯,貝,조개 패
貯,宁,뜰 저
低,亻,사람인변 인
低,氐,근본 저
底,广,집 엄
底,氐,근본 저
著,艹,초두머리 초
著,者,놈 자
抵,扌,재방변 수
抵,氐,근본 저
的,白,흰 백
的,勺,구기 작
赤,土,흙 토
赤,八,여덟 팔
赤,八,여덟 팔
敵,攵,칠 복
敵,啇,밑동 적
積,禾,벼 화
積,責,꾸짖을 책
籍,𥫗,대죽 죽
籍,耤,짓밟을 적
適,辶,쉬엄쉬엄 갈 착
適,啇,밑동 적
績,糹,가는 실 멱
績,責,꾸짖을 책
賊,貝,조개 패
賊,戎,병장기 융
跡,𧾷,발족 족
跡,亦,또 역
寂,宀,집 면
寂,叔,아저씨 숙
笛,𥫗,대죽 죽
笛,由,말미암을 유
摘,扌,재방변 수
摘,啇,밑동 적
蹟,𧾷,발족 족
蹟,責,꾸짖을 책
滴,氵,삼수변 수
滴,啇,밑동 적
電,雨,비 우
電,电,번개 전
前,䒑,초두머리 초
前,刖,벨 월
全,𠆢,사람 인
全,王,임금 왕
戰,戈,창 과
戰,單,홑 단
傳,亻,사람인변 인
傳,專,오로지 전
典,八,여덟 팔
典,曲,굽을 곡
展,尸,주검 시
展,卄,스물 입
展,𧘇,옷의변 의
田,囗,나라 국
田,十,열 십
專,叀,삼갈 전
專,寸,마디 촌
轉,車,수레 차
轉,專,오로지 전
錢,金,쇠 금
錢,戔,나머지 잔
殿,殳,몽둥이 수
殿,𡱒,볼기 둔
節,𥫗,대죽 죽
節,卽,곧 즉
切,刀,칼 도
切,七,일곱 칠
絶,糹,가는 실 멱
絶,色,빛 색
折,扌,재방변 수
折,斤,근 근
竊,穴,구멍 혈
竊,釆,분별할 변
竊,冂,멀 경
竊,厶,사사 사
店,广,집 엄
店,占,점령할 점
點,黑,검을 흑
點,占,점령할 점
占,卜,점 복
占,口,입 구
漸,氵,삼수변 수
漸,斬,벨 참
接,扌,재방변 수
接,妾,첩 첩
蝶,虫,벌레 훼
蝶,枼,나뭇잎 엽
正,止,그칠 지
正,一,한 일
庭,广,집 엄
庭,廷,조정 정
定,宀,집 면
定,疋,짝 필
情,忄,심방변 심
情,靑,푸를 청
停,亻,사람인변 인
停,亭,정자 정
政,攵,칠 복
政,正,바를 정
程,禾,벼 화
程,呈,드릴 정
精,米,쌀 미
精,青,푸를 청
靜,靑,푸를 청
靜,爭,다툴 쟁
丁,丁,고무래 정
整,敕,칙서 칙
整,正,바를 정
淨,氵,삼수변 수
淨,爭,다툴 쟁
頂,頁,머리 혈
頂,丁,고무래 정
井,井,우물 정
亭,亠,돼지해머리 두
亭,口,입 구
亭,冖,덮을 멱
亭,丁,고무래 정
廷,廴,길게 걸을 인
廷,壬,북방 임
貞,貝,조개 패
貞,卜,점 복
征,彳,조금 걸을 척
征,正,바를 정
訂,言,말씀 언
訂,丁,고무래 정
弟,八,여덟 팔
弟,𢎨,조상할 조
第,𥫗,대죽 죽
第,𢎨,조상할 조
題,頁,머리 혈
題,是,이 시
濟,氵,삼수변 수
濟,齊,가지런할 제
提,扌,재방변 수
提,是,이 시
制,刂,선칼도방 도
制,丿,삐침 별
制,巾,수건 건
制,二,두 이
製,衣,옷 의
製,制,절제할 제
除,阝,좌부변 부
除,余,나 여
際,阝,좌부변 부
際,祭,제사 제
祭,夕,저녁 석
祭,示,보일 시
帝,丶,점 주
帝,𢂇,임금 제
諸,言,말씀 언
諸,者,놈 자
齊,亠,돼지해머리 두
齊,刀,칼 도
齊,丫,가닥 아
齊,二,두 이
堤,土,흙 토
堤,是,이 시
祖,礻,보일시변 시
祖,且,또 차
朝,龺,-
朝,月,달 월
調,言,말씀 언
調,周,두루 주
操,扌,재방변 수
操,喿,울 조
鳥,烏,까마귀 오
鳥,一,한 일
助,力,힘 력(역)
助,且,또 차
早,日,날 일
早,十,열 십
造,辶,쉬엄쉬엄 갈 착
造,告,고할 고
條,攸,바 유
條,木,나무 목
潮,氵,삼수변 수
潮,朝,아침 조
組,糹,가는 실 멱
組,且,또 차
租,禾,벼 화
租,且,또 차
照,灬,연화발 화
照,昭,밝을 소
兆,儿,어진 사람 인
兆,冫,얼음 빙
兆,冫,얼음 빙
燥,火,불 화
燥,喿,울 조
弔,弓,활 궁
弔,丨,뚫을 곤
足,口,입 구
足,龰,-
族,方,모 방
族,𠂉,-
族,矢,화살 시
尊,寸,마디 촌
尊,酋,우두머리 추
存,𠂇,왼 좌
存,丨,뚫을 곤
存,子,아들 자
卒,𠅃,또 역
卒,十,열 십
拙,扌,재방변 수
拙,出,날 출
種,禾,벼 화
種,重,무거울 중
終,糹,가는 실 멱
終,冬,겨울 동
宗,宀,집 면
宗,示,보일 시
鍾,金,쇠 금
鍾,重,무거울 중
從,彳,조금 걸을 척
從,从,좇을 종
從,龰,-
縱,糹,가는 실 멱
縱,從,좇을 종
左,工,장인 공
左,𠂇,왼 좌
座,广,집 엄
座,坐,앉을 좌
坐,土,흙 토
坐,从,좇을 종
佐,亻,사람인변 인
佐,左,왼 좌
罪,罒,그물망 망
罪,非,아닐 비
住,亻,사람인변 인
住,主,임금 주
主,丶,점 주
主,王,임금 왕
注,氵,삼수변 수
注,主,임금 주
晝,旦,아침 단
晝,聿,붓 율
週,辶,쉬엄쉬엄 갈 착
週,周,두루 주
州,川,내 천
州,丶,점 주
州,丶,점 주
州,丶,점 주
走,土,흙 토
走,龰,-
酒,酉,닭 유
酒,氵,삼수변 수
朱,木,나무 목
朱,𠂉,-
周,冂,멀 경
周,𠮷,길할 길
柱,木,나무 목
柱,主,임금 주
珠,王,임금 왕
珠,朱,붉을 주
株,木,나무 목
株,朱,붉을 주
奏,𡗗,-
奏,夭,일찍 죽을 요
洲,氵,삼수변 수
洲,州,고을 주
鑄,金,쇠 금
鑄,壽,목숨 수
宙,宀,집 면
宙,由,말미암을 유
舟,𠔾,마칠 종
舟,丶,점 주
舟,丨,뚫을 곤
竹,亇,망치 마
竹,亇,망치 마
準,氵,삼수변 수
準,隼,송골매 준
遵,辶,쉬엄쉬엄 갈 착
遵,尊,높을 존
俊,亻,사람인변 인
俊,夋,천천히 걷는 모양 준
中,丨,뚫을 곤
中,口,입 구
重,𢆍,가래 삽
重,二,두 이
衆,血,피 혈
衆,乑,나란히 설 음
仲,亻,사람인변 인
仲,中,가운데 중
卽,卩,병부 절
卽,皀,향기로울 급
增,土,흙 토
增,曾,일찍 증
證,言,말씀 언
證,登,오를 등
憎,忄,심방변 심
憎,曾,일찍 증
曾,八,여덟 팔
曾,⺌,작을 소
曾,口,입 구
曾,曰,가로 왈
症,疒,병들어 기댈 녁(역)
症,正,바를 정
蒸,艹,초두머리 초
蒸,烝,김 오를 증
贈,貝,조개 패
贈,曾,일찍 증
紙,糹,가는 실 멱
紙,氏,각시 씨
地,土,흙 토
地,也,잇기 야
知,矢,화살 시
知,口,입 구
止,止,그칠 지
志,心,마음 심
志,士,선비 사
指,扌,재방변 수
指,旨,뜻 지
支,十,열 십
支,又,또 우
至,𠫔,팔뚝 굉
至,土,흙 토
持,扌,재방변 수
持,寺,절 사
智,日,날 일
智,知,알 지
誌,言,말씀 언
誌,志,뜻 지
之,之,갈 지
池,氵,삼수변 수
池,也,잇기 야
枝,木,나무 목
枝,支,지탱할 지
只,口,입 구
只,八,여덟 팔
遲,辶,쉬엄쉬엄 갈 착
遲,犀,무소 서
直,𥃭,-
直,一,한 일
職,耳,귀 이
職,戠,찰흙 치
織,糹,가는 실 멱
織,戠,찰흙 치
進,辶,쉬엄쉬엄 갈 착
進,隹,새 추
眞,匕,비수 비
眞,目,눈 목
眞,𠃊,숨을 은
眞,八,여덟 팔
珍,王,임금 왕
珍,㐱,숱 많고 검을 진
盡,𦘒,손재주 있을 녑(엽)
盡,灬,연화발 화
盡,皿,그릇 명
陣,阝,좌부변 부
陣,車,수레 차
陳,阝,좌부변 부
陳,東,동녘 동
震,雨,비 우
震,辰,별 진
鎭,金,쇠 금
鎭,眞,참 진
辰,厂,기슭 엄
辰,一,한 일
辰,𧘇,옷의변 의
振,扌,재방변 수
振,辰,별 진
質,貝,조개 패
質,斦,모탕 은
疾,疒,병들어 기댈 녁(역)
疾,矢,화살 시
秩,禾,벼 화
秩,失,잃을 실
姪,女,여자 녀(여)
姪,至,이를 지
集,隹,새 추
集,木,나무 목
執,幸,다행 행
執,丸,둥글 환
徵,彳,조금 걸을 척
徵,𢽠,부를 징
懲,心,마음 심
懲,徵,부를 징
次,欠,하품 흠
次,冫,얼음 빙
差,羊,양 양
差,丿,삐침 별
差,工,장인 공
此,止,그칠 지
此,匕,비수 비
借,亻,사람인변 인
借,昔,예 석
且,𠀇,또 차
且,一,한 일
着,𦍌,양 양
着,丿,삐침 별
着,目,눈 목
錯,金,쇠 금
錯,昔,예 석
捉,扌,재방변 수
捉,足,발 족
讚,言,말씀 언
讚,贊,도울 찬
贊,貝,조개 패
贊,兟,나아갈 신
察,宀,집 면
察,祭,제사 제
參,𠫯,묶을 루(누)
參,彡,터럭 삼
慙,心,마음 심
慙,斬,벨 참
慘,忄,심방변 심
慘,參,참여할 참
窓,穴,구멍 혈
窓,厶,사사 사
窓,心,마음 심
唱,口,입 구
唱,昌,창성할 창
創,刂,선칼도방 도
創,倉,곳집 창
昌,日,날 일
昌,曰,가로 왈
蒼,艹,초두머리 초
蒼,倉,곳집 창
倉,亼,모일 집
倉,𠁣,-
倉,口,입 구
暢,申,거듭 신
暢,昜,볕 양
採,扌,재방변 수
採,采,풍채 채
債,亻,사람인변 인
債,責,꾸짖을 책
彩,彡,터럭 삼
彩,采,풍채 채
菜,艹,초두머리 초
菜,采,풍채 채
責,貝,조개 패
責,龶,-
冊,冂,멀 경
冊,卄,스물 입
策,𥫗,대죽 죽
策,朿,가시 자
處,虍,호피 무늬 호
處,処,곳 처
妻,女,여자 녀(여)
妻,一,한 일
妻,肀,붓 사
尺,尸,주검 시
尺,丶,점 주
戚,戊,천간 무
戚,尗,아저씨 숙
拓,扌,재방변 수
拓,石,돌 석
斥,斤,근 근
斥,丶,점 주
千,千,일천 천
天,大,클 대
天,一,한 일
川,川,내 천
泉,水,물 수
泉,白,흰 백
踐,𧾷,발족 족
踐,戔,나머지 잔
賤,貝,조개 패
賤,戔,나머지 잔
淺,氵,삼수변 수
淺,戔,나머지 잔
遷,辶,쉬엄쉬엄 갈 착
遷,䙴,오를 선
薦,艹,초두머리 초
薦,廌,해태 치
鐵,金,쇠 금
鐵,𢧜,구렁말 철
哲,口,입 구
哲,折,꺾을 절
徹,彳,조금 걸을 척
徹,育,기를 육
徹,攵,칠 복
尖,小,작을 소
尖,大,클 대
添,氵,삼수변 수
添,忝,더럽힐 첨
妾,女,여자 녀(여)
妾,立,설 립(입)
靑,龶,-
靑,円,화폐 단위 엔
淸,氵,삼수변 수
淸,靑,푸를 청
請,言,말씀 언
請,青,푸를 청
聽,𦗟,들을 청
聽,王,임금 왕
廳,广,집 엄
廳,聽,들을 청
晴,日,날 일
晴,青,푸를 청
體,骨,뼈 골
體,豊,풍년 풍
滯,氵,삼수변 수
滯,帶,띠 대
遞,辶,쉬엄쉬엄 갈 착
遞,虒,뿔범 사
逮,辶,쉬엄쉬엄 갈 착
逮,隶,미칠 이
替,曰,가로 왈
替,㚘,함께 갈 반
草,艹,초두머리 초
草,早,이를 조
初,刀,칼 도
初,衤,옷의변 의
招,扌,재방변 수
招,召,부를 소
超,走,달릴 주
超,召,부를 소
肖,⺼,육달월 월
肖,小,작을 소
礎,石,돌 석
礎,楚,초나라 초
抄,扌,재방변 수
抄,少,적을 소
秒,禾,벼 화
秒,少,적을 소
觸,角,뿔 각
觸,蜀,애벌레 촉
促,亻,사람인변 인
促,足,발 족
燭,火,불 화
燭,蜀,애벌레 촉
寸,寸,마디 촌
村,木,나무 목
村,寸,마디 촌
總,糸,가는 실 멱
總,悤,바쁠 총
銃,金,쇠 금
銃,充,채울 충
聰,耳,귀 이
聰,悤,바쁠 총
最,曰,가로 왈
最,取,가질 취
催,亻,사람인변 인
催,崔,성씨 최
秋,禾,벼 화
秋,火,불 화
推,扌,재방변 수
推,隹,새 추
追,辶,쉬엄쉬엄 갈 착
追,𠂤,쌓을 퇴
醜,酉,닭 유
醜,鬼,귀신 귀
抽,扌,재방변 수
抽,由,말미암을 유
祝,示,보일 시
祝,兄,형 형
築,𥫗,대죽 죽
築,𣑦,-
蓄,艹,초두머리 초
蓄,畜,짐승 축
縮,糹,가는 실 멱
縮,宿,잘 숙
畜,田,밭 전
畜,玄,검을 현
逐,辶,쉬엄쉬엄 갈 착
逐,豕,돼지 시
丑,彐,돼지 머리 계
丑,丨,뚫을 곤
春,𡗗,-
春,日,날 일
出,凵,입 벌릴 감
出,屮,왼손 좌
充,亠,돼지해머리 두
充,允,맏 윤
忠,心,마음 심
忠,中,가운데 중
蟲,虫,벌레 훼
蟲,䖵,벌레 곤
衝,行,다닐 행
衝,重,무거울 중
取,又,또 우
取,耳,귀 이
就,京,서울 경
就,尤,더욱 우
趣,走,달릴 주
趣,取,가질 취
吹,口,입 구
吹,欠,하품 흠
醉,酉,닭 유
醉,卒,마칠 졸
臭,自,스스로 자
臭,犬,개 견
測,氵,삼수변 수
測,則,법칙 칙
側,亻,사람인변 인
側,則,법칙 칙
層,尸,주검 시
層,曽,일찍 증
致,至,이를 지
致,攵,칠 복
治,氵,삼수변 수
治,台,별 태
置,罒,그물망 망
置,直,곧을 직
齒,止,그칠 지
齒,𠚕,이 치
値,亻,사람인변 인
値,直,곧을 직
恥,心,마음 심
恥,耳,귀 이
稚,禾,벼 화
稚,隹,새 추
則,貝,조개 패
則,刂,선칼도방 도
親,見,볼 견
親,亲,친할 친
七,七,일곱 칠
漆,氵,삼수변 수
漆,桼,옻 칠
侵,亻,사람인변 인
侵,𠬶,-
寢,宀,집 면
寢,爿,나뭇조각 장
寢,𠬶,-
針,金,쇠 금
針,十,열 십
浸,氵,삼수변 수
浸,𠬶,-
沈,氵,삼수변 수
沈,冘,망설일 유
枕,木,나무 목
枕,冘,망설일 유
稱,禾,벼 화
稱,爯,들 칭
快,忄,심방변 심
快,夬,터놓을 쾌
他,亻,사람인변 인
他,也,잇기 야
打,扌,재방변 수
打,丁,고무래 정
妥,爫,손톱조 조
妥,女,여자 녀(여)
墮,土,흙 토
墮,隋,수나라 수
卓,卜,점 복
卓,早,이를 조
托,扌,재방변 수
托,乇,부탁할 탁
濁,氵,삼수변 수
濁,蜀,애벌레 촉
濯,氵,삼수변 수
濯,翟,꿩 적
炭,火,불 화
炭,屵,산 높은 모양 알
歎,欠,하품 흠
歎,廿,스물 입
歎,口,입 구
歎,夫,지아비 부
彈,弓,활 궁
彈,單,홑 단
誕,言,말씀 언
誕,延,늘일 연
脫,⺼,육달월 월
脫,兌,바꿀 태
奪,奞,날개 칠 순
奪,寸,마디 촌
探,扌,재방변 수
探,罙,무릅쓸 미
貪,貝,조개 패
貪,今,이제 금
塔,土,흙 토
塔,荅,좀콩 답
湯,氵,삼수변 수
湯,昜,볕 양
太,大,클 대
太,丶,점 주
態,心,마음 심
態,能,능할 능
殆,歹,살 바른 뼈 알
殆,台,별 태
泰,𡗗,-
泰,氺,물 수
怠,心,마음 심
怠,台,별 태
宅,宀,집 면
宅,乇,부탁할 탁
擇,扌,재방변 수
擇,睪,엿볼 역
澤,氵,삼수변 수
澤,睪,엿볼 역
土,土,흙 토
討,言,말씀 언
討,寸,마디 촌
吐,口,입 구
吐,土,흙 토
兔,免,면할 면
兔,丶,점 주
通,辶,쉬엄쉬엄 갈 착
通,甬,길 용
統,糹,가는 실 멱
統,充,채울 충
痛,疒,병들어 기댈 녁(역)
痛,甬,길 용
退,辶,쉬엄쉬엄 갈 착
退,艮,괘 이름 간
投,扌,재방변 수
投,殳,몽둥이 수
鬪,鬥,싸울 두
鬪,豆,콩 두
鬪,寸,마디 촌
透,辶,쉬엄쉬엄 갈 착
透,秀,빼어날 수
特,牛,소 우
特,寺,절 사
波,氵,삼수변 수
波,皮,가죽 피
破,石,돌 석
破,皮,가죽 피
派,氵,삼수변 수
派,𠂢,갈래 파
播,扌,재방변 수
播,番,차례 번
把,扌,재방변 수
把,巴,꼬리 파
罷,罒,그물망 망
罷,能,능할 능
頗,頁,머리 혈
頗,皮,가죽 피
板,木,나무 목
板,反,돌이킬 반
判,刂,선칼도방 도
判,半,반 반
版,片,조각 편
版,反,돌이킬 반
販,貝,조개 패
販,反,돌이킬 반
八,八,여덟 팔
敗,攵,칠 복
敗,貝,조개 패
貝,目,눈 목
貝,八,여덟 팔
便,亻,사람인변 인
便,更,고칠 경
篇,𥫗,대죽 죽
篇,扁,납작할 편
編,糹,가는 실 멱
編,扁,납작할 편
片,片,조각 편
偏,亻,사람인변 인
偏,扁,납작할 편
遍,辶,쉬엄쉬엄 갈 착
遍,扁,납작할 편
平,干,방패 간
平,八,여덟 팔
評,言,말씀 언
評,平,평평할 평
閉,門,문 문
閉,才,재주 재
肺,⺼,육달월 월
肺,巿,슬갑 불
廢,广,집 엄
廢,發,필 발
弊,廾,받들 공
弊,敝,해질 폐
幣,巾,수건 건
幣,敝,해질 폐
蔽,艹,초두머리 초
蔽,敝,해질 폐
砲,石,돌 석
砲,包,쌀 포
包,勹,쌀 포
包,巳,뱀 사
布,𠂇,왼 좌
布,巾,수건 건
胞,⺼,육달월 월
胞,包,쌀 포
捕,扌,재방변 수
捕,甫,클 보
浦,氵,삼수변 수
浦,甫,클 보
抱,扌,재방변 수
抱,包,쌀 포
飽,𩙿,밥식 식
飽,包,쌀 포
暴,日,날 일
暴,㳟,공손할 공
爆,火,불 화
爆,暴,사나울 폭
幅,巾,수건 건
幅,畐,가득할 복
表,龶,-
表,𧘇,옷의변 의
票,示,보일 시
票,覀,덮을 아
標,木,나무 목
標,票,표 표
漂,氵,삼수변 수
漂,票,표 표
品,口,입 구
品,吅,부르짖을 훤
風,𠘨,새 나는 모양 수
風,䖝,벌레 충
豊,豆,콩 두
豊,曲,굽을 곡
楓,木,나무 목
楓,風,바람 풍
疲,疒,병들어 기댈 녁(역)
疲,皮,가죽 피
避,辶,쉬엄쉬엄 갈 착
避,辟,피할 피
被,衤,옷의변 의
被,皮,가죽 피
皮,厂,기슭 엄
皮,丨,뚫을 곤
皮,又,또 우
彼,彳,조금 걸을 척
彼,皮,가죽 피
必,心,마음 심
必,丿,삐침 별
筆,𥫗,대죽 죽
筆,聿,붓 율
畢,田,밭 전
畢,龷,-
畢,十,열 십
匹,匚,상자 방
匹,儿,어진 사람 인
下,下,아래 하
夏,𦣻,머리 수
夏,夂,뒤쳐져 올 치
河,氵,삼수변 수
河,可,옳을 가
荷,艹,초두머리 초
荷,何,어찌 하
賀,貝,조개 패
賀,加,더할 가
何,亻,사람인변 인
何,可,옳을 가
學,子,아들 자
學,𦥯,배울 학
鶴,鳥,새 조
鶴,隺,고상할 각
韓,龺,-
韓,韋,가죽 위
漢,氵,삼수변 수
漢,廿,스물 입
漢,口,입 구
漢,夫,지아비 부
寒,𡨄,틈 하
寒,⺀,얼음 빙
限,阝,좌부변 부
限,艮,괘 이름 간
閑,門,문 문
閑,木,나무 목
恨,忄,심방변 심
恨,艮,괘 이름 간
汗,氵,삼수변 수
汗,干,방패 간
旱,日,날 일
旱,干,방패 간
割,刂,선칼도방 도
割,害,해할 해
含,口,입 구
含,今,이제 금
陷,阝,좌부변 부
陷,臽,함정 함
咸,口,입 구
咸,戌,개 술
合,口,입 구
合,亼,모일 집
航,舟,배 주
航,亢,높을 항
港,氵,삼수변 수
港,巷,거리 항
抗,扌,재방변 수
抗,亢,높을 항
恒,忄,심방변 심
恒,亘,뻗칠 긍
項,頁,머리 혈
項,工,장인 공
巷,巳,뱀 사
巷,共,한가지 공
海,氵,삼수변 수
海,每,매양 매
害,宀,집 면
害,丰,예쁠 봉
害,口,입 구
解,角,뿔 각
解,刀,칼 도
解,牛,소 우
亥,亠,돼지해머리 두
亥,𠂈,다할 진
亥,人,사람 인
奚,爫,손톱조 조
奚,𡗞,짐승 발자국 혜
該,言,말씀 언
該,亥,돼지 해
核,木,나무 목
核,亥,돼지 해
幸,土,흙 토
幸,𢆉,찌를 임
行,彳,조금 걸을 척
行,亍,자축거릴 촉
向,丿,삐침 별
向,冋,들 경
鄕,乡,시골 향
鄕,皀,향기로울 급
鄕,⻏,우부방 읍
香,禾,벼 화
香,日,날 일
響,鄕,시골 향
響,音,소리 음
享,亨,형통할 형
享,一,한 일
許,言,말씀 언
許,午,낮 오
虛,虍,호피 무늬 호
虛,丱,쌍상투 관
虛,一,한 일
憲,心,마음 심
憲,宀,집 면
憲,罒,그물망 망
憲,丰,예쁠 봉
獻,犬,개 견
獻,鬳,솥 권
軒,車,수레 차
軒,干,방패 간
驗,馬,말 마
驗,僉,다 첨
險,阝,좌부변 부
險,僉,다 첨
革,廿,스물 입
革,𠀐,-
現,王,임금 왕
現,見,볼 견
賢,貝,조개 패
賢,臤,어질 현
顯,頁,머리 혈
顯,㬎,드러날 현
懸,心,마음 심
懸,縣,매달 현
玄,亠,돼지해머리 두
玄,幺,작을 요
絃,糹,가는 실 멱
絃,玄,검을 현
縣,系,맬 계
縣,県,매달 현
血,丿,삐침 별
血,皿,그릇 명
穴,宀,집 면
穴,八,여덟 팔
嫌,女,여자 녀(여)
嫌,兼,겸할 겸
協,十,열 십
協,劦,합할 협
脅,⺼,육달월 월
脅,劦,합할 협
兄,儿,어진 사람 인
兄,口,입 구
形,彡,터럭 삼
形,开,열 개
刑,刂,선칼도방 도
刑,开,열 개
衡,行,다닐 행
衡,𩵋,물고기 어
亨,亠,돼지해머리 두
亨,口,입 구
亨,了,마칠 료(요)
螢,虫,벌레 훼
螢,𤇾,등불 형
惠,叀,삼갈 전
惠,心,마음 심
慧,心,마음 심
慧,彗,살별 혜
兮,八,여덟 팔
兮,丂,공교할 교
號,虎,범 호
號,号,이름 호
湖,氵,삼수변 수
湖,胡,되 호
好,女,여자 녀(여)
好,子,아들 자
戶,丿,삐침 별
戶,尸,주검 시
護,言,말씀 언
護,蒦,자 확
呼,口,입 구
呼,乎,어조사 호
浩,氵,삼수변 수
浩,告,고할 고
豪,豕,돼지 시
豪,亠,돼지해머리 두
豪,口,입 구
豪,冖,덮을 멱
胡,古,옛 고
胡,⺼,육달월 월
虎,虍,호피 무늬 호
虎,儿,어진 사람 인
乎,乊,구결자 호
乎,一,한 일
乎,亅,갈고리 궐
互,一,한 일
互,彑,돼지 머리 계
毫,毛,터럭 모
毫,冖,덮을 멱
毫,亠,돼지해머리 두
毫,口,입 구
或,戓,땅 이름 가
或,一,한 일
惑,心,마음 심
惑,或,혹 혹
婚,女,여자 녀(여)
婚,昏,어두울 혼
混,氵,삼수변 수
混,昆,맏 곤
魂,鬼,귀신 귀
魂,云,이를 운
昏,日,날 일
昏,氏,각시 씨
忽,心,마음 심
忽,勿,말 물
紅,糹,가는 실 멱
紅,工,장인 공
洪,氵,삼수변 수
洪,共,한가지 공
鴻,鳥,새 조
鴻,江,강 강
弘,弓,활 궁
弘,厶,사사 사
火,火,불 화
話,言,말씀 언
話,舌,혀 설
花,艹,초두머리 초
花,化,될 화
和,口,입 구
和,禾,벼 화
畫,田,밭 전
畫,一,한 일
畫,聿,붓 율
化,匕,비수 비
化,亻,사람인변 인
貨,貝,조개 패
貨,化,될 화
華,艹,초두머리 초
華,𠀆,-
華,工,장인 공
華,丨,뚫을 곤
禍,示,보일 시
禍,咼,입 비뚤어질 괘
禾,丿,삐침 별
禾,木,나무 목
確,石,돌 석
確,隺,고상할 각
穫,禾,벼 화
穫,蒦,자 확
擴,扌,재방변 수
擴,廣,넓을 광
患,心,마음 심
患,串,곶 곶
歡,欠,하품 흠
歡,雚,황새 관
環,王,임금 왕
環,睘,놀라서 볼 경
還,辶,쉬엄쉬엄 갈 착
還,睘,놀라서 볼 경
換,扌,재방변 수
換,奐,빛날 환
丸,九,아홉 구
丸,丶,점 주
活,氵,삼수변 수
活,舌,혀 설
黃,廿,스물 입
黃,一,한 일
黃,由,말미암을 유
黃,八,여덟 팔
況,氵,삼수변 수
況,兄,형 형
皇,白,흰 백
皇,王,임금 왕
荒,艹,초두머리 초
荒,巟,물 넓을 황
會,亼,모일 집
會,囗,나라 국
會,⺌,작을 소
會,曰,가로 왈
回,囗,나라 국
回,口,입 구
灰,火,불 화
灰,𠂇,왼 좌
懷,忄,심방변 심
懷,褱,품을 회
悔,忄,심방변 심
悔,每,매양 매
獲,犭,개사슴록변 견
獲,蒦,자 확
劃,刂,선칼도방 도
劃,畫,그림 화
橫,木,나무 목
橫,黃,누를 황
孝,子,아들 자
孝,耂,늙을로엄 로(노)
效,攵,칠 복
效,交,사귈 교
曉,日,날 일
曉,堯,요임금 요
後,彳,조금 걸을 척
後,幺,작을 요
後,夂,뒤쳐져 올 치
厚,厂,기슭 엄
厚,㫗,두터울 후
候,侯,제후 후
候,丨,뚫을 곤
侯,亻,사람인변 인
侯,矢,화살 시
侯,𠃍,-
侯,一,한 일
訓,言,말씀 언
訓,川,내 천
毁,殳,몽둥이 수
毁,臼,절구 구
毁,工,장인 공
揮,扌,재방변 수
揮,軍,군사 군
輝,光,빛 광
輝,軍,군사 군
休,亻,사람인변 인
休,木,나무 목
携,扌,재방변 수
携,隽,살찐 고기 전
凶,凵,입 벌릴 감
凶,㐅,다섯 오
胸,⺼,육달월 월
胸,匈,오랑캐 흉
黑,四,넉 사
黑,土,흙 토
黑,灬,연화발 화
吸,口,입 구
吸,及,미칠 급
興,𦥑,깍지 낄 국
興,同,한가지 동
興,一,한 일
興,八,여덟 팔
希,㐅,다섯 오
希,布,베 포
喜,口,입 구
喜,壴,악기 이름 주
稀,禾,벼 화
稀,希,바랄 희
戲,戈,창 과
戲,䖒,옛날 그릇 희
